GEOID	STATE_ABBV	COUNTY	countypop	total	thermoelectric	publicsupply	irrigation	industrial	other	lon	lat
01005	AL	Barbour County	26.489	9.02	0	3.23	2.96	1.5	1.3299999999999983	-85.39292476	31.8828851
01023	AL	Choctaw County	13.17	48.5	0	1.21	0.17	46.6	0.46999999999999886	-88.28598938	32.0047805
01035	AL	Conecuh County	12.672	1.93	0	1.32	0.21	0	0.40000000000000013	-86.9508464	31.4682195
01051	AL	Elmore County	81.468	18.7	0	12.2	3.08	0	3.4400000000000013	-86.15181112	32.5862035
01065	AL	Hale County	15.068	21.1	0	3.1	1.07	0.02	16.9	-87.63818339	32.744139
01109	AL	Pike County	33.046	6.93	0	4.58	1.46	0	0.8899999999999997	-85.92790504	31.839537
01113	AL	Russell County	59.66	44.5	0	8.45	7.45	27.4	1.1399999999999935	-85.18138616	32.2917965
01117	AL	Shelby County	208.713	485	462	14.2	5.17	0	3.7100000000000364	-86.67997717	33.282078
02016	AK	Aleutians West Census Area	5.702	3.02	0	2.27	0.01	0.49	0.25000000000000044	-176.59456972	51.795957
04015	AZ	Mohave County	204.737	165	3.26	47.9	112	0.09	1.589999999999975	-113.99397513	35.6041895
05011	AR	Bradley County	11.094	0.64	0	0.21	0	0.33	0.09999999999999998	-92.16631969	33.4344615
05015	AR	Carroll County	27.704	10.6	0	8.6	0	0	2.040000000000001	-93.55641455	36.310211
05019	AR	Clark County	22.633	7.67	0	1.84	5.37	0.17	0.2900000000000009	-93.16189651	34.05409
05025	AR	Cleveland County	8.311	0.84	0	0.5	0	0	0.3400000000000001	-92.184596	33.884406
05063	AR	Independence County	37.052	156	9.81	5.82	95.3	44.7	0.75	-91.58214666	35.7328785
05067	AR	Jackson County	17.338	598	0	0.39	595	0	2.560000000000059	-91.20366244	35.6272035
05091	AR	Miller County	43.908	1.58	0	0.09	0.23	0.19	1.0699999999999998	-93.86940484	33.315986
05139	AR	Union County	40.144	15	4.62	4.29	0	5.89	0.17999999999999972	-92.58120661	33.1987095
06001	CA	Alameda County	1638.215	184	0	169	9.51	0.9	5.060000000000031	-121.86575809	37.68000091
06003	CA	Alpine County	1.11	9.85	0	0.1	9.69	0	0.0600000000000005	-119.84458607	38.6305465
06023	CA	Humboldt County	135.727	74.6	0	11.5	60	0.48	2.6400000000000006	-123.89648009	40.733616
06033	CA	Lake County	64.591	62.7	4.2	2.93	52.8	0.96	1.8599999999999994	-122.79369483	39.1234445
06037	CA	Los Angeles County	10170.292	1940	436	1260	34.6	103	110.19999999999982	-118.14255276	34.2658365
06057	CA	Nevada County	98.877	63.6	0	11.4	48.4	0.08	3.6000000000000014	-121.00963546	39.2653685
06081	CA	San Mateo County	765.135	93	0	68.4	23.1	0.17	1.3399999999999892	-122.31109247	37.4082385
06085	CA	Santa Clara County	1918.044	218	0.25	195	8.1	12.5	3.0200000000000102	-121.72096025	37.188998
06115	CA	Yuba County	74.492	327	0	8.95	315	1.22	2.2299999999999613	-121.43815923	39.2790105
08013	CO	Boulder County	319.372	166	1.56	48.3	104	0.17	11.810000000000002	-105.3447618	40.0881055
08029	CO	Delta County	29.979	360	0	5	341	0	13.829999999999984	-107.80307602	38.9444085
08059	CO	Jefferson County	565.524	89.8	0.02	23	22.3	42.5	2.069999999999993	-105.23901421	39.521149
08091	CO	Ouray County	4.691	96.9	0	1.8	94.3	0	0.8500000000000085	-107.72645092	38.11247
09009	CT	New Haven County	859.47	169	61.4	54.5	1.47	41.4	10.069999999999993	-72.90785327	41.4066195
11001	DC	District of Columbia	672.228	0.05	0	0	0.05	0	0	-76.98766798	38.89339252
12009	FL	Brevard County	568.088	598	519	31.4	38.3	6.3	3.3799999999999955	-80.73447695	28.3066498
12039	FL	Gadsden County	46.036	12.4	0	4.07	6.68	0.05	1.5599999999999987	-84.63548714	30.549835
12055	FL	Highlands County	99.491	93.1	0	7.49	83.4	0.11	2.0200000000000102	-81.30483597	27.339951
12065	FL	Jefferson County	14.081	6.24	0	0.65	4.58	0	1.0099999999999998	-83.93977346	30.3772445
12073	FL	Leon County	286.272	36.4	0.35	28.5	2.05	0	5.459999999999994	-84.22182315	30.4789595
12107	FL	Putnam County	72.023	70.5	15.4	2.1	22.4	24.3	6.3700000000000045	-81.7891278	29.586879
12117	FL	Seminole County	449.144	64.4	0	57.6	4.69	0	2.0700000000000074	-81.23941305	28.7448325
12123	FL	Taylor County	22.493	42.9	0	1.75	0.08	40.1	0.9600000000000009	-83.60407645	29.991127
12133	FL	Washington County	24.687	3.72	0	0.95	0.91	0.07	1.7899999999999998	-85.67202022	30.6104205
13009	GA	Baldwin County	45.459	4.39	0	3.82	0.05	0.02	0.4999999999999991	-83.2520389	33.0583355
13013	GA	Barrow County	75.37	7.92	0	4.46	0.51	0.41	2.54	-83.71011112	34.012102
13027	GA	Brooks County	15.658	12.6	0	0.9	9.64	0.12	1.9200000000000017	-83.54545333	30.8580745
13073	GA	Columbia County	144.052	18.8	0	15.9	0.71	0.01	2.120000000000001	-82.22156389	33.5275145
13103	GA	Effingham County	57.106	124	70.8	35.8	1.08	13.9	1.9099999999999824	-81.32282744	32.346041
13149	GA	Heard County	11.539	16.1	14.6	1.22	0	0	0.34999999999999964	-85.11250386	33.279665
13179	GA	Liberty County	62.467	18.5	0	6.42	0	11.1	0.9800000000000004	-81.52519298	31.8252925
13189	GA	McDuffie County	21.54	3.6	0	2.59	0.43	0	0.5800000000000001	-82.49517967	33.485091
13205	GA	Mitchell County	22.574	71.2	0.09	3.77	52	0.96	14.36	-84.17922166	31.2616045
13229	GA	Pierce County	19.103	5.46	0	0.57	3.78	0.11	1	-82.22121936	31.366863
13267	GA	Tattnall County	25.229	11.6	0	1.22	6.96	0.03	3.3900000000000006	-82.05322051	32.0536885
13291	GA	Union County	22.267	2.12	0	1.82	0.19	0	0.10999999999999988	-83.96078522	34.8155305
13305	GA	Wayne County	29.534	62.1	0	1.5	2.25	57	1.3299999999999983	-81.91520821	31.5783565
13319	GA	Wilkinson County	9.155	15.1	0	0.7	0.04	12.7	1.679999999999998	-83.15329663	32.79601
15007	HI	Kauai County	71.735	43.8	0.44	16.3	25.8	0.03	1.1300000000000026	-159.558833	22.049261
16015	ID	Boise County	7.058	4.87	0	0.48	3.81	0	0.5800000000000001	-115.77128549	43.9688335
16025	ID	Camas County	1.066	318	0	0.14	318	0	0.4000000000000341	-114.83614953	43.5286
16033	ID	Clark County	0.88	145	0	0.17	145	0.27	0.21000000000000796	-112.33308919	44.283298
16039	ID	Elmore County	25.876	386	0	5.62	378	0	2.92999999999995	-115.52905743	43.4263805
16041	ID	Franklin County	13.074	320	0	11.6	306	0	2.2199999999999704	-111.84674206	42.213813
16043	ID	Fremont County	12.819	369	0	1.34	366	0.58	1.3200000000001069	-111.42054838	44.335291
16061	ID	Lewis County	3.789	48	0	0.53	47.2	0.09	0.18999999999999062	-116.35939669	46.229803
16085	ID	Valley County	10.103	16.5	0	1.55	13.4	0	1.5599999999999987	-115.65710538	44.68275
17003	IL	Alexander County	6.78	4.05	0	1.61	2.37	0	0.0699999999999994	-89.34773452	37.1535615
17031	IL	Cook County	5238.216	906	0	834	4.37	65.2	2.449999999999932	-87.753802	41.81418303
17043	IL	DuPage County	933.736	16.6	0.02	6.8	2.77	0.98	6.02	-88.09102001	41.8391985
17097	IL	Lake County	703.91	359	279	59.6	3.69	8.35	7.779999999999973	-88.01537271	42.32543458
17115	IL	Macon County	107.303	35.9	0	20	0.29	14.4	1.1900000000000048	-88.98172637	39.855548
17161	IL	Rock Island County	146.133	1150	1120	17.4	1.77	12.2	1.3299999999999272	-90.30344908	41.555101
17197	IL	Will County	687.263	1550	1470	35.1	1.78	31.9	11.5	-87.88896873	41.46715612
18027	IN	Daviess County	32.906	11.7	0	3.55	0.42	3.31	4.4300000000000015	-87.09741207	38.6973425
18061	IN	Harrison County	39.578	3.55	0	2.64	0	0	0.9100000000000001	-86.13404532	38.1910395
18123	IN	Perry County	19.347	2.48	0	0.33	0	1.68	0.4700000000000002	-86.60980939	38.0546355
18147	IN	Spencer County	20.715	28.3	22.3	1.97	0.63	0	3.4400000000000013	-87.00966895	37.995134
18157	IN	Tippecanoe County	185.826	29.4	0	12.8	0.75	12.2	3.5400000000000063	-86.8937903	40.3884105
19041	IA	Clay County	16.507	4.51	0.07	2.27	0.52	0.04	1.6099999999999999	-95.15094574	43.0613095
19045	IA	Clinton County	47.768	214	31.6	3.87	0.03	174	4.4199999999999875	-90.53296101	41.88009355
19111	IA	Lee County	35.089	29.1	0	12.4	0.54	14.8	1.4000000000000021	-91.53609527	40.5919166
19135	IA	Monroe County	7.973	3.05	0	0	0	2.12	0.9299999999999997	-92.86903841	41.026713
20025	KS	Clark County	2.096	3.53	0	0.3	2.44	0	0.7900000000000005	-99.81790059	37.219155
20067	KS	Grant County	7.733	101	0	1.22	95.1	0.25	4.5	-101.30831719	37.58029
20095	KS	Kingman County	7.687	17.4	0	0.85	15.2	0.04	1.2900000000000027	-98.1362639	37.55988
20199	KS	Wallace County	1.518	36.9	0	0.22	35.8	0.09	0.789999999999992	-101.76344927	38.9300255
21007	KY	Ballard County	8.212	25.7	0	0.58	0.19	24.6	0.3900000000000041	-89.01836104	37.07120099
21017	KY	Bourbon County	20.116	3.56	0	2.1	0.57	0	0.8899999999999997	-84.22401161	38.2195785
21031	KY	Butler County	12.938	1.59	0	1.21	0.07	0	0.31000000000000005	-86.65789403	37.1976435
21065	KY	Estill County	14.375	1.52	0	1.31	0	0	0.2100000000000002	-83.93100003	37.6979975
21069	KY	Fleming County	14.637	1.41	0	0.21	0.07	0	1.13	-83.67827553	38.348226
21099	KY	Hart County	18.454	5	0	4.1	0.08	0	0.8200000000000003	-85.90811694	37.2987445
21125	KY	Laurel County	60.094	9.47	0	8.9	0.03	0	0.5400000000000009	-84.11501043	37.137801
21127	KY	Lawrence County	15.745	12.8	3.32	1.49	0.01	7.37	0.5700000000000003	-82.75125969	38.0747215
21131	KY	Leslie County	10.711	1.42	0	1.06	0	0	0.3599999999999999	-83.35247712	37.101381
21151	KY	Madison County	87.824	12.8	0	11.4	0.1	0	1.3099999999999987	-84.29047014	37.7161035
21179	KY	Nelson County	45.126	8.39	0	5.5	0.32	1.47	1.0999999999999988	-85.52957611	37.756894
21189	KY	Owsley County	4.461	0.62	0	0.53	0.02	0	0.07000000000000006	-83.68488592	37.3981755
21195	KY	Pike County	61.792	9.31	0	6.09	0	0	3.219999999999999	-82.32503839	37.47067
21217	KY	Taylor County	25.42	5.89	0	5.2	0.04	0	0.6500000000000004	-85.3027881	37.3376615
21239	KY	Woodford County	25.793	3.73	0	3.12	0.15	0	0.45999999999999996	-84.74365229	38.020783
22011	LA	Beauregard Parish	36.462	44.1	0	4.42	2.63	35	2.039999999999999	-93.33031067	30.6419355
22013	LA	Bienville Parish	13.786	9.59	0	2.72	0.15	6.08	0.6400000000000023	-93.08799841	32.3666875
22021	LA	Caldwell Parish	9.993	4.01	0	1.03	2.86	0	0.1200000000000001	-92.09152888	32.1018355
22029	LA	Concordia Parish	20.142	31.8	0	2.63	28	0	1.1200000000000045	-91.70425841	31.3656155
22033	LA	East Baton Rouge Parish	446.753	178	15.5	72.1	0.39	89.2	0.5399999999999636	-91.08939394	30.5162645
22069	LA	Natchitoches Parish	39.179	39.2	0	7.72	12.2	14.3	4.930000000000007	-93.20491617	31.746471
22075	LA	Plaquemines Parish	23.495	60.9	0	7.14	0	53.7	0.09999999999999432	-89.67712626	29.4165815
22077	LA	Pointe Coupee Parish	22.251	332	302	3.54	12.4	5.52	8.269999999999982	-91.6753982	30.7518385
22083	LA	Richland Parish	20.523	29.4	0	3.64	25.1	0	0.6099999999999994	-91.73393537	32.4092905
22087	LA	St. Bernard Parish	45.408	214	0	7.16	0	207	0.030000000000001137	-89.60924689	29.8524485
22099	LA	St. Martin Parish	53.835	49.5	0	4.67	8.46	0.12	36.26	-91.77983324	30.265258
23015	ME	Lincoln County	33.969	1.9	0	0.73	0.12	0.21	0.8399999999999999	-69.53410542	44.061773
24003	MD	Anne Arundel County	564.195	388	334	39.5	0.77	0.65	13.430000000000007	-76.58936722	38.975237
24033	MD	Prince George's County	909.535	541	464	52.3	1.02	0.03	22.87000000000012	-76.84246346	38.83330578
24043	MD	Washington County	149.585	28.3	0	17.3	0.16	0.02	10.810000000000002	-77.72047729	39.52049
25011	MA	Franklin County	70.601	11.6	0	3.73	0.8	3.18	3.919999999999998	-72.56196288	42.519351
25017	MA	Middlesex County	1585.139	149	63	70.3	3.42	5.27	7.47999999999999	-71.28842296	42.446993
26099	MI	Macomb County	864.84	8.99	0	3.97	1.75	0.04	3.2299999999999995	-82.92109139	42.6720005
26135	MI	Oscoda County	8.251	0.87	0	0.07	0.21	0	0.5900000000000001	-84.1299319	44.6815655
26147	MI	St. Clair County	159.875	1380	1220	138	0.28	14.2	2.8899999999998727	-82.6031677	42.84665205
26153	MI	Schoolcraft County	8.173	3.99	0	0.35	0.17	0	3.4699999999999998	-86.17749518	46.1296505
27053	MN	Hennepin County	1223.149	189	105	73.4	2.8	4.73	3.5000000000000284	-93.48728002	45.0118695
27077	MN	Lake of the Woods County	3.923	1.19	0	0.17	0.77	0	0.2500000000000001	-94.8876277	48.8769
27089	MN	Marshall County	9.423	0.96	0	0.45	0.06	0	0.45000000000000007	-96.37014691	48.35937627
27101	MN	Murray County	8.413	1.88	0	0.55	0.03	0	1.3	-95.76343484	44.0222995
27129	MN	Renville County	14.892	3.12	0	1.02	0.26	0.23	1.6099999999999997	-94.97007843	44.674805
27139	MN	Scott County	141.66	13.3	0	7.84	0.4	2.45	2.5699999999999985	-93.50276265	44.6795095
28007	MS	Attala County	19.043	5	2.06	2.24	0.35	0	0.34999999999999964	-89.57235354	33.082371
28105	MS	Oktibbeha County	49.8	8.9	0	7.58	0.28	0	1.0399999999999983	-88.87945935	33.4150465
28143	MS	Tunica County	10.343	109	0	3.1	95.9	0	9.580000000000013	-90.34927209	34.6574955
28163	MS	Yazoo County	27.387	57.3	0	5.49	37.9	7.32	6.599999999999994	-90.36056688	32.762526
29023	MO	Butler County	42.951	146	0	1.38	144	0	1.0300000000000296	-90.39048574	36.7133095
29029	MO	Camden County	44.237	12.7	0	3.87	0.06	0.01	8.749999999999998	-92.79133093	38.029636000000004
29031	MO	Cape Girardeau County	78.572	40.1	0	7.86	13.5	16.8	1.9099999999999895	-89.64425427	37.364669
29033	MO	Carroll County	8.992	5.92	0	0.81	4.05	0.43	0.6300000000000008	-93.47348432	39.410756
29157	MO	Perry County	19.183	3.38	0	1.48	0.96	0	0.9399999999999995	-89.83091136	37.73424657
29189	MO	St. Louis County	1003.362	545	314	226	0.6	0	4.230000000000018	-90.51851307	38.639479
29199	MO	Scotland County	4.854	1.18	0	0.15	0.46	0	0.57	-92.14820137	40.4607545
29207	MO	Stoddard County	29.862	270	0	3.23	264	0.86	2.5499999999999545	-89.97316404	36.877692
30013	MT	Cascade County	82.278	190	0	12.8	171	0.62	5.6200000000000045	-111.416605	47.2706105
30015	MT	Chouteau County	5.767	92	0	0.88	90.3	0.01	0.789999999999992	-110.47371682	47.8278325
30023	MT	Deer Lodge County	9.139	72	0	2.3	68.9	0.02	0.8100000000000023	-113.09983066	46.0123025
30029	MT	Flathead County	96.165	87.8	0	11.4	69.9	0.57	5.8700000000000045	-114.09168033	48.298606
30047	MT	Lake County	29.457	221	0	2.39	215	0.18	4.089999999999975	-114.12503717	47.595264
30057	MT	Madison County	7.915	724	0	1.1	719	0.03	3.6499999999999773	-111.9152414	45.267326
30077	MT	Powell County	6.84	169	0	1.37	167	0.06	0.7400000000000091	-113.04936155	46.927182
30087	MT	Rosebud County	9.398	186	24.9	1.52	155	0.03	4.139999999999958	-106.56534816	46.042143
30105	MT	Valley County	7.659	247	0	1.61	243	0.02	2.75	-106.53250163	48.3495815
31059	NE	Fillmore County	5.619	84.2	0	0.78	81.4	1.22	0.75	-97.59648366	40.5390475
31113	NE	Logan County	0.777	27.7	0	0.05	27.1	0	0.490000000000002	-100.48352636	41.566679
31171	NE	Thomas County	0.684	2.42	0	0.11	1.79	0	0.5199999999999998	-100.55575046	41.939742
34007	NJ	Camden County	510.923	50.2	0.62	42.8	1.86	2.43	2.469999999999999	-74.98993197	39.8024945
34013	NJ	Essex County	797.434	33.6	0.48	31.2	0.75	0.8	0.3499999999999943	-74.25498317	40.791802
34019	NJ	Hunterdon County	125.488	130	0.52	120	1.11	0.86	7.620000000000047	-74.91244331	40.56384
34023	NJ	Middlesex County	840.9	75	30.2	39.1	1.94	2.22	1.5499999999999972	-74.40042364	40.430676
34041	NJ	Warren County	106.869	26.1	0.25	7.26	0.65	3.93	13.98	-74.95956271	40.8421535
35021	NM	Harding County	0.698	2.57	0	0.08	2.26	0	0.22999999999999998	-103.87251832	35.8031325
35051	NM	Sierra County	11.282	36.3	0	1.53	34.1	0	0.6400000000000006	-107.1097882	33.0422325
36013	NY	Chautauqua County	130.779	134	116	12.6	0.86	0	4.309999999999974	-79.39402431	42.28096187
36019	NY	Clinton County	81.251	8.92	0	4.93	0.2	0.9	2.8899999999999997	-73.67644954	44.717382
36029	NY	Erie County	922.578	341	96.8	171	2.01	49	21.569999999999993	-78.66742328	42.76814991
36043	NY	Herkimer County	63.1	34.4	0	28.8	0.21	2.43	2.889999999999997	-74.94121311	43.465135
36053	NY	Madison County	71.849	4.38	0	1.22	0.82	0	2.34	-75.72568121	42.944702
36065	NY	Oneida County	232.5	54.3	0	32.8	0.74	6.27	14.489999999999995	-75.49699172	43.240135
36077	NY	Otsego County	60.636	5.58	0	3.1	0.34	0	2.14	-74.99027998	42.610179
36081	NY	Queens County	2339.15	1140	1140	0	0.23	0	0	-73.79425445	40.674682
36115	NY	Washington County	62.23	33.9	22.4	2.59	0.41	4.9	3.5700000000000003	-73.4302165	43.374402
37027	NC	Caldwell County	81.287	16.1	0	7.16	7.39	0.23	1.3200000000000003	-81.55963097	35.939399
37055	NC	Dare County	35.663	8.35	0	7.28	0.86	0	0.20999999999999908	-75.86265725	35.773718
37059	NC	Davie County	41.753	5.69	0	3.58	1.18	0	0.9299999999999997	-80.53718185	35.9021125
37069	NC	Franklin County	63.71	6.89	0	0.95	2.47	0	3.4700000000000006	-78.32836391	36.0471305
37083	NC	Halifax County	52.456	32.3	0	7.6	3.31	20.9	0.4799999999999933	-77.6833449	36.2562725
37087	NC	Haywood County	59.868	56.8	0	5.92	1.24	33.7	15.940000000000005	-82.96560769	35.5415955
37093	NC	Hoke County	52.671	6.93	0	4.42	1.06	0.05	1.3999999999999986	-79.25978817	35.0235845
37111	NC	McDowell County	44.989	17.6	0	1.95	5.71	1.85	8.110000000000001	-82.04316054	35.7387825
37121	NC	Mitchell County	15.246	3.01	0	1.07	0.73	0	1.2099999999999997	-82.12581734	35.9914605
37127	NC	Nash County	93.919	16.3	0	9.13	4.24	0	2.969999999999999	-77.97639218	35.964496
37155	NC	Robeson County	134.197	32.7	0	21.3	6.92	0.72	3.789999999999999	-79.14319341	34.626667
37175	NC	Transylvania County	33.211	210	0	1.81	4.52	0	203.8	-82.76973865	35.225439
37199	NC	Yancey County	17.587	3.01	0	0.7	1.37	0	0.9399999999999995	-82.29721198	35.891436
38037	ND	Grant County	2.388	1.26	0	0	0.38	0	0.88	-101.54801114	46.3644245
38085	ND	Sioux County	4.37	0.76	0	0.02	0.04	0	0.7	-100.89842432	46.185644
38099	ND	Walsh County	10.897	2.26	0	1.14	0.67	0.01	0.4399999999999997	-97.723942	48.36749653
38105	ND	Williams County	35.294	36.5	0	9.17	18.8	1.31	7.169999999999998	-103.43720363	48.291864
39035	OH	Cuyahoga County	1255.921	356	41	222	0.46	92.5	0.019999999999924967	-81.68056114	41.4524055
39039	OH	Defiance County	38.352	10.1	0	3.4	0.14	0	6.569999999999999	-84.51552377	41.28624752
39043	OH	Erie County	75.55	36.7	0	12	6.95	9.11	8.619999999999994	-82.6849822	41.38805057
39125	OH	Paulding County	18.976	3.31	0	1.31	0	0.17	1.83	-84.5725462	41.1215865
40065	OK	Jackson County	25.574	69.7	0	0.21	67.5	0.09	1.9599999999999937	-99.37482927	34.598161
40079	OK	Le Flore County	49.605	16.9	2.68	7.1	4.74	0.12	2.2200000000000006	-94.68739503	34.9565685
40145	OK	Wagoner County	76.559	34.8	0	31.3	2.16	0	1.3200000000000074	-95.51960998	35.9661455
41005	OR	Clackamas County	401.515	281	0	134	100	5.3	40.76000000000005	-122.24494399	45.173724
41021	OR	Gilliam County	1.859	27.2	0	0.55	26.3	0	0.2699999999999996	-120.24439685	45.439632
41035	OR	Klamath County	66.016	683	0	9.45	656	0.33	17.339999999999804	-121.81671804	42.7901675
41039	OR	Lane County	362.895	275	0	43.7	76.6	17.2	137.58999999999995	-122.74923459	43.8638785
41043	OR	Linn County	120.547	152	0	9.57	94.3	16.4	31.200000000000017	-122.52520282	44.4973595
41045	OR	Malheur County	30.38	670	0	6.76	659	0	4.1200000000000045	-117.62741261	43.173293
41051	OR	Multnomah County	790.294	58	0	14.7	27.3	0.07	15.970000000000013	-122.66485293	45.58069358
41055	OR	Sherman County	1.68	8.13	0	0.47	7.49	0	0.17000000000000082	-120.68566481	45.411046
42035	PA	Clinton County	39.441	15.8	0	4.02	0.35	4.5	6.98	-77.62408483	41.220809
42059	PA	Greene County	37.519	18.2	4.28	7.19	0.08	0	6.699999999999999	-80.22399706	39.870626
42063	PA	Indiana County	86.966	42.7	33.6	4.11	0.21	0	4.82	-79.09467904	40.639449
42067	PA	Juniata County	24.737	3.76	0	0.82	0.08	0.75	2.1100000000000003	-77.50177113	40.4794395
42091	PA	Montgomery County	819.264	121	41.4	63.3	2.65	2.27	11.269999999999996	-75.36304224	40.212257
42111	PA	Somerset County	75.522	27.4	0	22.6	0.33	0.01	4.399999999999999	-79.03985967	40.008824
45005	SC	Allendale County	9.433	10.9	0.46	1.19	7.1	1.9	0.27999999999999936	-81.36411838	32.95146
45021	SC	Cherokee County	56.194	12.7	0.45	8.98	0	2.27	1.0099999999999998	-81.63408509	35.01296
45025	SC	Chesterfield County	46.017	10.5	0	5.83	1.6	0.04	2.999999999999999	-80.09580862	34.5907625
45045	SC	Greenville County	491.863	50.5	0	45.9	0.87	0.17	3.5700000000000003	-82.35119769	34.8492945
45049	SC	Hampton County	20.049	8.73	0	1.47	5.93	0.14	1.1900000000000013	-81.10266052	32.789624
45053	SC	Jasper County	27.824	30.3	0	27.3	0.88	0	2.080000000000002	-81.01082806	32.3940415
45063	SC	Lexington County	281.833	237	135	52.2	7.86	26.3	15.979999999999961	-81.28389377	33.923505
45091	SC	York County	251.195	177	113	20.6	0.41	33.6	9.199999999999989	-81.18836478	34.9927325
46093	SD	Meade County	26.986	6.72	0	1.42	2.93	0	2.37	-102.78429705	44.5618215
46095	SD	Mellette County	2.05	1.42	0	0.09	0.75	0	0.58	-100.7294739	43.623593
46103	SD	Pennington County	108.702	20.1	0	10.6	2.76	0	6.689999999999998	-103.03105407	44.102599
47005	TN	Benton County	16.129	6.98	0	1.25	0	0	5.73	-88.08303037	36.086783
47013	TN	Campbell County	39.752	3.83	0	3.33	0.03	0	0.46999999999999975	-84.13306712	36.384776
47019	TN	Carter County	56.486	18.8	0	7.07	0.01	0.14	11.610000000000003	-82.15581326	36.307301
47029	TN	Cocke County	35.162	6.99	0	4.72	0.29	0.11	1.8699999999999992	-83.09607662	35.9519905
47033	TN	Crockett County	14.601	3.26	0	1.56	1.5	0	0.20000000000000018	-89.18206774	35.8342815
47049	TN	Fentress County	17.917	2.12	0	1.65	0.01	0	0.4600000000000002	-84.92667985	36.3577065
47081	TN	Hickman County	24.363	9.08	0	2.38	0.13	0	6.57	-87.47393212	35.7885745
47097	TN	Lauderdale County	26.936	7.31	0	2.53	4.7	0	0.07999999999999918	-89.64888359	35.7431765
47121	TN	Meigs County	11.83	1.25	0	0.66	0.03	0	0.5599999999999999	-84.80122506	35.520365
47149	TN	Rutherford County	298.612	37	0	33	0.25	0.16	3.6099999999999994	-86.39197324	35.8594405
47159	TN	Smith County	19.295	5.94	0	0.57	0.08	0	5.290000000000001	-85.97369586	36.2543965
48007	TX	Aransas County	25.35	0.41	0	0.21	0	0	0.19999999999999998	-97.13400905	28.00980572
48025	TX	Bee County	32.874	4.96	0	1.07	1.75	0	2.1399999999999997	-97.70973788	28.424218
48035	TX	Bosque County	17.891	8.01	2.81	2.33	2	0	0.8699999999999992	-97.64686156	31.896648
48067	TX	Cass County	30.313	3.68	0	1.05	0	0.11	2.5199999999999996	-94.34819944	33.0989175
48083	TX	Coleman County	8.338	2.74	0	1.31	0.27	0	1.1600000000000001	-99.46119537	31.7277075
48091	TX	Comal County	129.048	23.4	0	16.7	0.47	3.17	3.030000000000001	-98.28838667	29.818448
48103	TX	Crane County	5.048	24.3	0	1.41	0	0.23	22.63	-102.54026447	31.3680325
48139	TX	Ellis County	163.632	19.2	0	15.2	0.74	2.46	0.8099999999999952	-96.76720459	32.295957
48151	TX	Fisher County	3.827	6.64	0	0.02	3.19	0.12	3.3099999999999996	-100.4022552	32.7461015
48167	TX	Galveston County	322.225	6.61	2.14	0.23	2.82	0.09	1.33	-95.03259062	29.379644
48213	TX	Henderson County	79.545	11.6	0.72	4.55	0.94	0.38	4.980000000000001	-95.81883618	32.182324
48241	TX	Jasper County	35.506	49.5	0	2.97	0.11	44.5	1.9100000000000108	-93.99846316	30.6998125
48245	TX	Jefferson County	254.308	89.4	0	24	58.5	0.05	6.859999999999999	-94.10376958	29.8811025
48261	TX	Kenedy County	0.407	0.87	0	0.07	0	0	0.8	-97.71854829	26.9296635
48333	TX	Mills County	4.9	6.47	0	0.28	5.3	0	0.8900000000000006	-98.65189916	31.476619
48347	TX	Nacogdoches County	65.664	21.3	0.21	11.2	0.09	0.02	9.770000000000003	-94.59339473	31.5340245
48361	TX	Orange County	84.26	391	376	8.4	1.7	2.69	2.2600000000000477	-93.8748381	30.0549945
48371	TX	Pecos County	16.203	168	0	4.33	138	0.13	25.24000000000001	-102.65737716	30.711891
48403	TX	Sabine County	10.368	1.37	0	0.76	0	0.02	0.5900000000000001	-93.84601654	31.3731735
48427	TX	Starr County	63.795	14.1	0	7.81	4.07	0.07	2.1400000000000006	-98.78605179	26.5120615
48457	TX	Tyler County	21.347	4.85	0	2.84	0.26	0	1.75	-94.38718681	30.792329
48469	TX	Victoria County	92.382	68.6	19.9	12.1	7.09	23.5	6.040000000000006	-96.93667781	28.7947
48471	TX	Walker County	70.699	5.21	0	2.67	0.21	0.32	2.0100000000000002	-95.59324941	30.78846
48475	TX	Ward County	11.721	26.5	0	5.2	2.98	0	18.32	-103.12849087	31.4578385
48477	TX	Washington County	34.765	3.25	0	0.89	0.15	0.31	1.9	-96.42989586	30.2215175
48479	TX	Webb County	269.721	43.6	0	36.1	1.76	0.01	5.75	-99.28620495	27.732056
48499	TX	Wood County	43.356	15	0	4.21	0.28	1.24	9.27	-95.39686948	32.769891
49001	UT	Beaver County	6.354	108	16.1	2.13	84.8	2.62	2.700000000000003	-113.2067462	38.360757
49003	UT	Box Elder County	52.097	430	0	13.3	410	0.95	5.410000000000025	-112.97383812	41.500552
49025	UT	Kane County	7.131	15.8	0	2.3	13.1	0	0.33999999999999986	-111.88469603	37.272892
49029	UT	Morgan County	11.065	64.9	0	29.2	35	0.15	0.6199999999999903	-111.65114109	41.076954
49035	UT	Salt Lake County	1107.314	233	2.94	124	28.8	65.8	12.26000000000002	-111.90306149	40.667623
49043	UT	Summit County	39.633	58	0	8.95	46	0	3.0800000000000054	-110.7554474	40.899097
51001	VA	Accomack County	32.973	17.6	0	0.88	10.7	3.86	2.1999999999999975	-75.69493251	37.7372445
51015	VA	Augusta County	74.314	16.1	0	7.5	1.18	0.67	6.770000000000001	-79.3067788	38.179099
51037	VA	Charlotte County	12.201	1.47	0	0.24	0.24	0	0.99	-78.60463545	36.973513
51053	VA	Dinwiddie County	27.852	2.08	0	0.03	0.36	0	1.69	-77.64627051	37.083709
51069	VA	Frederick County	83.199	9.62	0	5.27	0.18	0.07	4.1	-78.22355748	39.2374545
51109	VA	Louisa County	34.602	1930	1930	0.53	0.18	0.05	2.0399999999999636	-77.9378051	37.945268
51125	VA	Nelson County	14.785	1.81	0	0.2	0.51	0	1.1	-78.90412084	37.791621
51145	VA	Powhatan County	28.031	2.35	0	0.11	0.14	0	2.1	-77.88684281	37.553296
51161	VA	Roanoke County	94.409	26.8	0	25.1	0.69	0.22	0.8100000000000023	-80.15037295	37.265117
51185	VA	Tazewell County	42.899	5.31	0	3.79	0.09	0	1.4299999999999997	-81.60084365	37.134545
51790	VA	Staunton City	24.416	0.16	0	0	0.11	0	0.05	-79.06315543	38.1579495
53005	WA	Benton County	190.309	356	19.4	34.5	247	49.9	5.189999999999941	-119.57085318	46.281836
53007	WA	Chelan County	75.644	54.2	0	11.3	26.4	10.4	6.029999999999994	-120.54229837	47.906932
53009	WA	Clallam County	73.486	19	0	6.16	6.47	0.02	6.32	-124.08313366	48.12887813
53015	WA	Cowlitz County	103.468	129	1.43	10.3	3.17	112	2.1099999999999994	-122.61358202	46.11788649
53037	WA	Kittitas County	43.269	158	0	6.9	147	1.4	2.369999999999976	-120.66185738	47.1649625
53043	WA	Lincoln County	10.321	18.6	0	2.03	15.4	0.01	1.1099999999999994	-118.39965032	47.597215
53065	WA	Stevens County	43.791	20.2	0.67	6.19	6.49	0.07	6.760000000000002	-117.84738281	48.3969085
54005	WV	Boone County	23.372	6.34	0	0.19	0.04	0	6.109999999999999	-81.71419395	37.997407
54017	WV	Doddridge County	8.176	2.97	0	0.22	0	0	2.7499999999999996	-80.74863309	39.2709375
54039	WV	Kanawha County	188.332	340	89.1	32.2	0.22	214	5.010000000000048	-81.52287471	38.2958995
54045	WV	Logan County	34.707	11.6	0	4.29	0.04	0	7.299999999999999	-81.94261779	37.8333485
54047	WV	McDowell County	19.835	3.96	0	2.9	0.01	0.01	1.0399999999999996	-81.63584596	37.3750085
54067	WV	Nicholas County	25.594	4.03	0	2.78	0.04	0	1.2099999999999995	-80.8242314	38.316642
54081	WV	Raleigh County	77.51	17.8	0	9.89	0.31	0.24	7.359999999999999	-81.1742572	37.7495025
54107	WV	Wood County	86.452	55.3	0	7.97	0.27	46.4	0.6500000000000057	-81.50566127	39.21798508
55113	WI	Sawyer County	16.376	4.42	0	0.64	2.51	0.06	1.21	-91.10956075	45.8923335
56029	WY	Park County	29.228	657	0	3.17	611	0.11	43.120000000000005	-109.41417127	44.4025705
56039	WY	Teton County	23.125	112	0	7.78	103	0.19	0.9500000000000028	-110.55002603	43.941677
56045	WY	Weston County	7.234	25.4	0	1.02	22.8	0.2	1.379999999999999	-104.56839491	43.8402485
72023	PR	Cabo Rojo Municipio	49.762	6.2	0	4.33	1.6	0.14	0.13000000000000078	-67.15557352	18.0501545
72037	PR	Ceiba Municipio	12.218	0.04	0	0	0	0	0.04	-65.64466974	18.24834548
72039	PR	Ciales Municipio	17.349	3.25	0	3.19	0	0	0.05999999999999961	-66.50736952	18.263561
72053	PR	Fajardo Municipio	33.102	9.58	0	9.32	0.07	0.08	0.10999999999999766	-65.65582859	18.32762697
72113	PR	Ponce Municipio	149.028	6.09	0	4.04	1.68	0.05	0.3200000000000003	-66.61371499	18.0675205
72115	PR	Quebradillas Municipio	24.605	4.13	0	3.93	0	0	0.19999999999999973	-66.9224124	18.4282535
78010	VI	St. Croix County	49.25	42.7	38.4	2.13	0	0.42	1.779999999999994	-64.75833805	17.72909015
78020	VI	St. John County	4.06	0.26	0	0.07	0	0.02	0.16999999999999998	-64.75426558	18.3354795
01049	AL	DeKalb County	71.13	12.6	0	5.91	2.64	0.57	3.5	-85.72075012	34.5332504
01069	AL	Houston County	104.173	127	99.1	18.9	7.55	0.3	1.3600000000000136	-85.28061349	31.1557764
01087	AL	Macon County	19.105	11	0	3.31	5.92	0	1.8199999999999985	-85.72757592	32.413699
01091	AL	Marengo County	20.028	24.3	0	2.77	0.43	18.4	2.6400000000000006	-87.76129392	32.2686465
01095	AL	Marshall County	94.725	27.6	0	23.8	2.07	0.08	1.6700000000000017	-86.34547961	34.3556915
01101	AL	Montgomery County	226.519	38.8	0	28	6.27	1.78	2.789999999999999	-86.20367649	32.222023
01115	AL	St. Clair County	87.074	18.3	0	8.93	1.72	6.1	1.5799999999999983	-86.36463894	33.6909505
01119	AL	Sumter County	13.103	9.79	0	2.06	0.76	4	2.9700000000000006	-88.21748485	32.649725
01121	AL	Talladega County	80.862	50	0	16	4.78	26.6	2.5999999999999943	-86.14658701	33.400436
01131	AL	Wilcox County	11.059	23.3	0	2.8	0.45	19.7	0.36999999999999744	-87.40076583	32.048161
02105	AK	Hoonah-Angoon Census Area	2.133	0.54	0	0.53	0	0	0.010000000000000009	-137.13537507	58.736761
02240	AK	Southeast Fairbanks Census Area	6.839	0.95	0	0.24	0.23	0	0.48	-143.98808279	63.8322925
04005	AZ	Coconino County	139.097	39	17	19.9	0.28	0.01	1.7800000000000011	-112.04240183	35.5854775
04009	AZ	Graham County	37.666	191	0	3.8	184	0.17	3.039999999999992	-109.96294772	33.0508765
04012	AZ	La Paz County	20.152	617	0	2.89	613	0	0.8399999999999181	-113.93290279	33.672405
04013	AZ	Maricopa County	4167.947	2060	24.1	777	1230	1.81	22.960000000000036	-112.76812083	33.27555
04027	AZ	Yuma County	204.275	1120	0.57	36.3	1080	0.05	4.849999999999909	-113.93643293	32.7533805
05003	AR	Ashley County	20.838	212	0	1.2	160	44	6.740000000000009	-91.79582227	33.202458
05007	AR	Benton County	249.672	428	360	64.7	0	0	2.859999999999957	-94.2275678	36.29916298
05061	AR	Howard County	13.3	7.94	0	6.09	0	0.86	0.9900000000000002	-93.95419017	34.0515505
05075	AR	Lawrence County	16.779	259	0	1.09	256	0	1.8099999999999454	-91.08696697	36.0692565
05093	AR	Mississippi County	43.738	47.7	7.28	1.44	35.2	3.7	0.030000000000001137	-90.1214179	35.6930535
05095	AR	Monroe County	7.399	322	0	1.52	311	0	9.670000000000016	-91.2128671	34.6718235
05103	AR	Ouachita County	24.358	17.2	13.8	3.26	0	0	0.0899999999999963	-92.91069231	33.588932
05117	AR	Prairie County	8.291	566	0	0.39	541	0	24.589999999999918	-91.53473044	34.785513
05131	AR	Sebastian County	127.78	1.46	0	0.13	0.3	0	1.03	-94.2342786	35.1903855
05133	AR	Sevier County	17.29	1.9	0	0.74	0.01	0	1.15	-94.27018307	33.972491
05147	AR	Woodruff County	6.741	519	6.11	0.53	512	0	0.01999999999998181	-91.23182282	35.178811
06045	CA	Mendocino County	87.649	83.3	0	8.83	68.7	3.35	2.3800000000000097	-123.43934829	39.38322
06051	CA	Mono County	13.909	71	0	1.98	58.5	0.03	10.43	-119.02764713	38.087331
06065	CA	Riverside County	2361.026	1220	1.46	441	742	5.23	35.20000000000027	-116.02026313	33.7536895
06069	CA	San Benito County	58.792	26	0	5.24	15.1	4.02	1.620000000000001	-121.03088561	36.5950525
06079	CA	San Luis Obispo County	281.401	2100	1990	29.1	79	3.88	5.8400000000001455	-120.33624294	35.34482438
06083	CA	Santa Barbara County	444.769	121	0	49.9	56	6.36	8.290000000000006	-120.03459302	34.74164
06101	CA	Sutter County	96.463	660	0.01	13.6	636	8.58	1.6000000000000227	-121.70820573	39.0195055
06107	CA	Tulare County	459.863	1530	0.13	70.3	1400	16	49.92000000000007	-118.82341345	36.2659345
08019	CO	Clear Creek County	9.303	1.62	0	1.17	0	0	0.44999999999999996	-105.66000913	39.7090305
08023	CO	Costilla County	3.584	93.6	0	0.45	92.8	0	0.3499999999999943	-105.4559704	37.3265145
08031	CO	Denver County	682.545	165	0	163	1.53	0	0	-104.95490937	39.7643585
08055	CO	Huerfano County	6.492	41.6	0	2.97	38.1	0	0.5900000000000034	-104.90595416	37.6540095
19027	IA	Carroll County	20.498	6.96	0	2.04	0.11	0.43	4.380000000000001	-94.86050348	42.042548
19075	IA	Grundy County	12.435	1.94	0	0.26	0.05	0	1.6300000000000001	-92.76806885	42.3762965
19137	IA	Montgomery County	10.234	1.96	0	1.45	0.01	0	0.5	-95.1562033	41.0302835
19157	IA	Poweshiek County	18.55	2.96	0	1.33	0	0	1.6300000000000003	-92.53316131	41.662701
19163	IA	Scott County	172.126	96.3	70	17.8	0.25	1.14	7.109999999999999	-90.62024943	41.61287233
20017	KS	Chase County	2.679	1.17	0	0.17	0	0	0.9999999999999999	-96.59649881	38.304427
20055	KS	Finney County	37.118	231	2.25	7.62	214	3.8	3.4899999999999807	-100.88357506	38.0007455
20143	KS	Ottawa County	5.975	4.55	0	0.53	3.27	0	0.75	-97.65066695	39.132319
21005	KY	Anderson County	21.979	2.86	0	2.21	0.1	0.11	0.43999999999999995	-84.97984921	38.006807
21011	KY	Bath County	12.228	5.98	0	0	0.02	0	5.960000000000001	-83.77521605	38.14755
21025	KY	Breathitt County	13.484	12.1	0	1.41	0.01	0	10.65	-83.33546939	37.5147585
21029	KY	Bullitt County	78.702	4.91	0	0	0.79	2.05	2.0699999999999994	-85.71560086	37.9621725
21043	KY	Carter County	27.158	4.43	0	4.09	0.02	0	0.3199999999999994	-83.00886175	38.33647
21049	KY	Clark County	35.757	13	5.22	6.9	0.1	0.31	0.4599999999999973	-84.1557243	37.968975
21071	KY	Floyd County	37.756	5.27	0	4.52	0	0	0.75	-82.75825353	37.5205555
21085	KY	Grayson County	26.221	3.43	0	2.64	0.03	0	0.7599999999999998	-86.34940699	37.4722615
21095	KY	Harlan County	27.703	3.86	0	3.4	0.05	0	0.4099999999999997	-83.28036512	36.842889
21105	KY	Hickman County	4.612	3.62	0	0.13	2.73	0	0.7599999999999998	-88.98889196	36.64979483
21109	KY	Jackson County	13.352	1.73	0	1.47	0.01	0	0.25	-83.9957296	37.4147955
21119	KY	Knott County	15.693	2.52	0	1.84	0	0	0.6800000000000004	-82.93850959	37.350429
21121	KY	Knox County	31.73	0.8	0	0.3	0.05	0	0.45000000000000007	-83.85493203	36.87182
21135	KY	Lewis County	13.682	2.91	0	2.42	0.01	0	0.47999999999999954	-83.38827001	38.5218845
21153	KY	Magoffin County	12.808	1.02	0	0.78	0.05	0	0.18999999999999995	-83.0973602	37.6898085
21159	KY	Martin County	12.307	5.2	0	4.45	0	0	0.75	-82.52618233	37.815414
21167	KY	Mercer County	21.407	8.82	5.05	2.94	0.02	0	0.8100000000000005	-84.86777227	37.8235985
21177	KY	Muhlenberg County	31.183	405	401	3.47	0.11	0	0.5599999999999454	-87.13724386	37.2283885
21181	KY	Nicholas County	7.131	2.09	0	1.71	0.06	0	0.31999999999999984	-83.99703617	38.327654
21193	KY	Perry County	27.565	6.78	0	4.18	0.05	0	2.5500000000000007	-83.1717947	37.2176875
21231	KY	Wayne County	20.464	3.62	0	2.76	0.06	0	0.8000000000000003	-84.81539929	36.8003995
22035	LA	East Carroll Parish	7.307	24.1	0	0.91	23.2	0	0.020000000000003126	-91.25144664	32.770862
22039	LA	Evangeline Parish	33.743	305	171	6.5	86.3	1.09	40.889999999999986	-92.38523984	30.741966
22053	LA	Jefferson Davis Parish	31.439	286	0	3.82	156	0	125.38000000000002	-92.82759562	30.2617805
22055	LA	Lafayette Parish	240.098	42.1	0	25.4	6.61	0.01	10.060000000000002	-92.11286253	30.2096545
22067	LA	Morehouse Parish	26.395	87	0	3.47	83.2	0.04	0.2599999999999909	-91.82926825	32.757048
22079	LA	Rapides Parish	132.141	771	727	18.9	18.6	0	6.07000000000005	-92.53120375	31.204749
22103	LA	St. Tammany Parish	250.088	29.3	0	23.6	0.02	0.13	5.509999999999998	-89.96265457	30.4314985
22111	LA	Union Parish	22.477	4.8	0	4.4	0	0.09	0.3100000000000005	-92.38981592	32.7987665
22127	LA	Winn Parish	14.568	2.65	0	2.01	0	0.39	0.25	-92.60024299	31.9288225
23007	ME	Franklin County	29.991	43	0.57	1.36	0.14	35.2	5.650000000000006	-70.46768734	45.0732955
23017	ME	Oxford County	57.202	43.3	2.8	2.85	0.37	35	2.319999999999993	-70.65494842	44.567157
23027	ME	Waldo County	39.155	5.12	0	0.99	0.23	0.38	3.520000000000001	-69.09533508	44.5028525
23031	ME	York County	201.169	24.4	0	15.3	1.14	2.53	5.410000000000004	-70.66466794	43.43708593
24001	MD	Allegany County	72.528	38.7	0	0.67	0.08	37.2	0.8499999999999943	-78.59553603	39.5809115
24005	MD	Baltimore County	831.128	390	163	209	0.86	2.66	13.920000000000016	-76.63661602	39.457944
24017	MD	Charles County	156.118	1020	1010	7.32	0.28	0.01	4.389999999999986	-77.0328026	38.4807685
24021	MD	Frederick County	245.322	34.9	0	13.8	4.65	4.15	12.32	-77.36780745	39.469703
24031	MD	Montgomery County	1040.116	543	180	355	1.28	0.7	6.139999999999986	-77.23921707	39.14367
24041	MD	Talbot County	37.512	6.73	0	2.24	2.01	0.75	1.7300000000000004	-76.07998313	38.758955
24045	MD	Wicomico County	102.37	17.8	0	6.86	5.31	0.28	5.370000000000001	-75.58183905	38.39405
25005	MA	Bristol County	556.772	56.8	14.2	26.6	10.1	0.92	4.909999999999997	-71.17544777	41.78960474
25023	MA	Plymouth County	510.393	561	385	68.1	104	0.71	3.740000000000009	-70.86045824	41.96733009
25025	MA	Suffolk County	778.121	0.75	0	0	0.13	0.58	0.040000000000000036	-71.06095754	42.339183
26033	MI	Chippewa County	38.033	14.4	0	2.69	0.15	0.83	10.72	-84.68414323	46.3546175
26063	MI	Huron County	31.883	6.78	0	2.58	0.78	0	3.42	-83.0017854	43.86729865
26083	MI	Keweenaw County	2.168	0.21	0	0.05	0.01	0	0.15	-88.1983283	47.341101
26097	MI	Mackinac County	10.89	12.7	0	1.29	0.05	9.62	1.700000000000001	-84.90167343	46.0424455
26115	MI	Monroe County	149.568	1820	1790	9.27	1.96	10.8	6.670000000000073	-83.55125028	41.911038
08093	CO	Park County	16.51	39.5	0	0.4	33.6	0	5.43	-105.78998861	39.1308855
08105	CO	Rio Grande County	11.543	561	0	1.2	557	0	2.9500000000000455	-106.37528723	37.6206285
08113	CO	San Miguel County	7.879	48.3	0	0.68	47.1	0	0.5700000000000074	-108.41241489	37.964474
09001	CT	Fairfield County	948.053	458	357	88	2.01	3.87	7.349999999999966	-73.32480697	41.3244465
09007	CT	Middlesex County	164.063	68.6	54.4	7.31	0.79	4.11	1.9899999999999949	-72.52302629	41.4557835
10005	DE	Sussex County	215.622	119	2.12	13.9	82.7	12.9	7.079999999999998	-75.3932445	38.70634551
12001	FL	Alachua County	259.964	45.7	2	23.4	15.3	0.05	4.930000000000007	-82.35522522	29.680904
12017	FL	Citrus County	141.058	1290	1270	14.2	4.97	0.16	4.189999999999827	-82.48275059	28.85949
12033	FL	Escambia County	311.003	262	173	37.5	3.04	46.2	1.3599999999999568	-87.32764704	30.639958
12041	FL	Gilchrist County	17.199	15.9	0	0.23	12	0.14	3.539999999999999	-82.79790155	29.748359
12047	FL	Hamilton County	14.295	41.8	0	0.88	18.2	0	22.62	-82.97165559	30.476545
12071	FL	Lee County	701.982	744	582	64.6	61.3	0.09	35.32999999999993	-81.80917821	26.54474158
12086	FL	Miami-Dade County	2693.117	468	28.7	352	40	3.01	44.50999999999999	-80.59028727	25.55881356
12093	FL	Okeechobee County	39.469	19.8	0	2.72	11.5	0	5.619999999999999	-80.84092398	27.3010515
12097	FL	Osceola County	323.993	67.2	0.12	42.2	18.5	0	6.440000000000012	-81.12517333	27.99283
13021	GA	Bibb County	153.721	47.4	0	24.1	1.08	19.9	2.259999999999998	-83.68480067	32.8060465
13029	GA	Bryan County	35.137	3.56	0	2.66	0.17	0	0.7299999999999995	-81.45068831	31.9836425
13039	GA	Camden County	52.102	5.43	0	3.94	0.39	0.02	1.0799999999999992	-81.65284486	30.9377225
13051	GA	Chatham County	286.956	171	101	28.1	0.71	40.8	0.28999999999999204	-81.07563029	31.9793025
13077	GA	Coweta County	138.427	32.3	20.5	7.45	1.35	0	3.0199999999999996	-84.77996319	33.3518185
13133	GA	Greene County	16.71	3.44	0	1.23	1.14	0	1.0699999999999998	-83.15378002	33.5587135
13137	GA	Habersham County	43.996	7.07	0	5.66	0.22	0	1.1899999999999995	-83.51565068	34.6296725
13143	GA	Haralson County	28.854	3.27	0	2.53	0.14	0	0.6000000000000001	-85.2060228	33.7769555
13157	GA	Jackson County	63.36	12.2	0	9.52	0.29	0.52	1.8800000000000008	-83.58565154	34.130811
13163	GA	Jefferson County	16.106	25.6	0	1.32	15.9	7.08	1.3000000000000007	-82.44494369	33.0372025
13171	GA	Lamar County	18.201	4.01	0	1.87	1.1	0	1.0400000000000005	-84.14528082	33.070656
13181	GA	Lincoln County	7.673	0.32	0	0.01	0	0	0.31	-82.44969216	33.810352
13185	GA	Lowndes County	112.865	28.4	0	13.2	2.03	11.3	1.9500000000000028	-83.24597004	30.828028
13195	GA	Madison County	28.441	3.25	0	0.53	0.19	0.11	2.42	-83.20650839	34.1364655
13221	GA	Oglethorpe County	14.871	4.28	0	0.26	0.27	0	3.749999999999999	-83.09080278	33.8679465
13237	GA	Putnam County	21.353	186	181	3.76	0.35	0.07	0.9200000000000159	-83.34377559	33.327276
13245	GA	Richmond County	201.793	109	0	39.2	0.59	66.2	2.6500000000000057	-82.09170647	33.3856285
13251	GA	Screven County	14.162	16	0	0.74	13	1.34	0.9200000000000017	-81.62485966	32.76743
13269	GA	Taylor County	8.33	3.62	0	0.62	0.29	1.74	0.9699999999999998	-84.24480787	32.56006
13283	GA	Treutlen County	6.785	2.38	0	0.3	1.73	0	0.3500000000000001	-82.54734103	32.403105
51007	VA	Amelia County	12.903	1.39	0	0.1	0.14	0	1.1500000000000001	-78.04265596	37.346371
13303	GA	Washington County	20.816	17.5	0	2	1.24	12.5	1.7899999999999956	-82.79882488	32.9971025
13309	GA	Wheeler County	7.903	2.57	0	0.18	1.99	0	0.40000000000000036	-82.76454422	32.114335
13313	GA	Whitfield County	104.216	25.6	0	24	0.13	0.11	1.4100000000000001	-84.98804875	34.801436
13317	GA	Wilkes County	9.867	2.22	0	1.01	0.06	0	1.1499999999999997	-82.7781432	33.7934375
15001	HI	Hawaii County	196.428	89.9	1.48	39.7	26.7	0.21	21.840000000000003	-155.44834082	19.588965
16005	ID	Bannock County	83.744	249	0	16.9	219	1.01	12.139999999999986	-112.163021	42.640804
16073	ID	Owyhee County	11.31	782	0	0.73	774	0.43	7.269999999999982	-116.24035358	42.8389225
16077	ID	Power County	7.648	560	0	2.15	540	3.35	14.480000000000018	-112.81834537	42.725808
16081	ID	Teton County	10.564	407	0	0.78	406	0	1.009999999999991	-111.22330001	43.7383865
16083	ID	Twin Falls County	82.375	2e3	0	15.7	1320	0.33	664.24	-114.55354925	42.4399515
17017	IL	Cass County	12.847	12.9	0	1.1	9.38	1.71	0.7399999999999984	-90.24727487	39.9985405
17027	IL	Clinton County	37.786	10.4	0	6.98	0.63	0	2.820000000000001	-89.42370098	38.575163
17047	IL	Edwards County	6.534	0.64	0	0.04	0	0	0.6	-88.05663825	38.4130685
17109	IL	McDonough County	31.333	3.45	0	2.63	0.14	0	0.6799999999999997	-90.67759302	40.457324
17129	IL	Menard County	12.444	2.71	0	0.81	1.51	0	0.3900000000000001	-89.78706094	40.029695
17175	IL	Stark County	5.788	0.86	0	0.59	0	0	0.27	-89.81163387	41.1094565
17185	IL	Wabash County	11.542	3.39	0	1.75	0.84	0	0.7999999999999998	-87.86049645	38.40295109
18009	IN	Blackford County	12.298	2.07	0	1.04	0	0.53	0.5000000000000002	-85.32609461	40.472471
18035	IN	Delaware County	116.852	16.1	0	9.58	0.39	1.66	4.429999999999998	-85.39648685	40.2269255
18067	IN	Howard County	82.556	18.5	0	8.47	0.12	0.22	9.700000000000001	-86.11925268	40.4717395
18083	IN	Knox County	37.927	23.5	8.9	4.2	8.12	0.25	2.0100000000000016	-87.42976471	38.6610515
18159	IN	Tipton County	15.267	1.9	0	0.91	0	0	0.9899999999999999	-86.0521314	40.321752
18179	IN	Wells County	27.964	7.02	0	2.44	0	2.8	1.7799999999999994	-85.20266689	40.7425745
35055	NM	Taos County	32.907	95.3	0	2.41	82.2	0	10.670000000000002	-105.63985458	36.5043015
36025	NY	Delaware County	46.053	410	0	406	0.29	2.12	2.170000000000016	-74.94726709	42.178207
36105	NY	Sullivan County	74.877	96.9	0	89.8	0.52	0	6.609999999999999	-74.79238743	41.7211215
36119	NY	Westchester County	976.396	2190	2110	65.4	2.64	8.43	3.240000000000691	-73.78551617	41.12180511
36123	NY	Yates County	25.048	3.08	0	1.1	0.38	0.08	1.5199999999999996	-77.13063866	42.6152745
37013	NC	Beaufort County	47.651	32	0	4.31	3.88	0.14	23.71	-76.77497205	35.476776
37017	NC	Bladen County	34.318	60.4	0	37.4	7.3	11.5	4.289999999999999	-78.56912582	34.61189
37023	NC	Burke County	88.842	34.1	0	23	9.45	0	1.6599999999999966	-81.75436618	35.779081
37057	NC	Davidson County	164.622	18.8	0	14.9	2.91	0	0.9799999999999969	-80.25353527	35.762617
37061	NC	Duplin County	59.159	26.4	0	4.76	7.86	3.13	10.680000000000003	-77.90770962	34.952888
37065	NC	Edgecombe County	54.15	9.11	0	3.29	4.34	0	1.4800000000000013	-77.57773717	35.9128185
37075	NC	Graham County	8.616	90.9	0	0.67	0.12	0	90.10999999999999	-83.8331214	35.3421285
37085	NC	Harnett County	128.14	33.4	0	20.6	8.86	0	3.969999999999999	-78.83917626	35.386865
37089	NC	Henderson County	112.655	19	0	11	4.85	0	3.089999999999998	-82.47369142	35.3213605
37119	NC	Mecklenburg County	1034.07	2790	2650	112	6.6	7.05	12.930000000000291	-80.83106776	35.2586335
37129	NC	New Hanover County	220.358	16.8	1.02	6.25	2.82	2.39	4.32	-77.89346918	34.1564905
37133	NC	Onslow County	186.311	28.6	0	17.9	7.94	0	2.7399999999999984	-77.39110294	34.711428
37137	NC	Pamlico County	12.781	4.31	0	1.25	2.82	0	0.23999999999999932	-76.76674584	35.1495625
37143	NC	Perquimans County	13.44	3.4	0	0.75	2.27	0	0.38000000000000034	-76.4469877	36.226735
37149	NC	Polk County	20.366	3.12	0	0.91	1.48	0	0.73	-82.1761474	35.2973855
37153	NC	Richmond County	45.437	15.4	0	9.87	1.03	0	4.5	-79.72800493	34.9940575
37161	NC	Rutherford County	66.39	11	0	7.68	1.06	0	2.2699999999999996	-81.91419012	35.3962685
37167	NC	Stanly County	60.714	9.54	0	6.4	1.39	0	1.7500000000000009	-80.2473985	35.323653
38005	ND	Benson County	6.753	1.13	0	0.07	0.63	0	0.43000000000000016	-99.48088507	48.1098925
38033	ND	Golden Valley County	1.845	0.56	0	0	0.1	0	0.4600000000000001	-103.82760538	46.937446
38053	ND	McKenzie County	12.826	90.4	0	0.79	78.5	2.02	9.109999999999985	-103.34287474	47.7225555
38059	ND	Morton County	30.31	59.6	52.1	2.8	1.94	1.22	1.5700000000000074	-101.1887903	46.632779
38067	ND	Pembina County	7.091	2	0	1.1	0.75	0	0.1499999999999999	-97.55036879	48.770277
38071	ND	Ramsey County	11.63	0.34	0	0	0.16	0	0.18000000000000002	-98.74614866	48.21674
38077	ND	Richland County	16.402	5.82	0	2.08	2.06	0.96	0.7200000000000006	-96.93898171	46.2840175
39061	OH	Hamilton County	807.598	241	93.6	115	0.28	23.8	8.600000000000023	-84.5581831	39.168571
39095	OH	Lucas County	433.689	299	180	81.4	0.55	33.2	4.329999999999984	-83.74589359	41.574123
39137	OH	Putnam County	34.042	7.81	0	2.52	0.12	0.55	4.62	-84.11141644	41.012478
39175	OH	Wyandot County	22.243	8.02	0	0.95	0.01	0	7.06	-83.31398884	40.8320215
40013	OK	Bryan County	44.884	17.6	0	5.53	6.21	0	5.889999999999999	-96.24597967	33.9222585
40027	OK	Cleveland County	274.458	25.3	0	23.4	0.75	0.01	1.139999999999997	-97.29101126	35.1521645
40057	OK	Harmon County	2.788	29.3	0	0.73	28.1	0	0.4299999999999997	-99.86029916	34.782047
40067	OK	Jefferson County	6.276	15.6	0	13.8	0.28	0	1.5300000000000011	-97.83983002	34.0690695
40075	OK	Kiowa County	9.144	9.73	0	6.38	2.32	0	1.0299999999999994	-98.89989014	34.859098
40087	OK	McClain County	38.066	4.94	0	1.38	1.45	0	2.1099999999999994	-97.53562983	35.0958305
40095	OK	Marshall County	16.232	5.26	0	2.29	2.25	0	0.7199999999999998	-96.77596509	33.998233
40125	OK	Pottawatomie County	71.875	13	0	7.51	1.33	0.14	4.07	-96.95951998	35.1828955
40135	OK	Sequoyah County	41.153	6.54	0	4.46	1.46	0.01	0.6100000000000003	-94.75252941	35.4649455
27011	MN	Big Stone County	5.04	1.83	0	0.49	1.05	0	0.2899999999999998	-96.33449127	45.38252942
27027	MN	Clay County	62.324	7.66	0	4.92	1.51	0	1.2299999999999995	-96.47290368	46.89080396
27031	MN	Cook County	5.194	157	156	0.29	0.07	0	0.28000000000000114	-90.47486555	47.85491401
27061	MN	Itasca County	45.435	142	128	2.02	0.21	9.74	1.9799999999999613	-93.57265807	47.464732
27073	MN	Lac qui Parle County	6.856	3.76	0	0.37	1.44	1.3	0.6499999999999995	-96.17555618	45.039417
27075	MN	Lake County	10.631	126	0	0.78	0.01	125	0.269999999999996	-91.40597707	47.5684285
27085	MN	McLeod County	35.932	5.84	0.01	2.74	0.1	1.81	1.1799999999999997	-94.25389283	44.804524
27097	MN	Morrison County	32.775	17.8	0	1.95	12.3	0	3.540000000000001	-94.22919643	46.063448
27127	MN	Redwood County	15.471	2.44	0	0.97	0.21	0.05	1.21	-95.22981734	44.4495235
27171	MN	Wright County	131.311	329	315	8.09	1.85	0.26	4.170000000000016	-93.95108953	45.2006385
28011	MS	Bolivar County	33.322	341	0	4.16	336	0.85	0.4399999999999409	-90.85628421	33.825924
28029	MS	Copiah County	28.773	6.75	0	3.79	0.17	0.6	2.1900000000000004	-90.42682834	31.8675375
28039	MS	George County	23.373	2.95	0	1.23	0.45	0	1.2700000000000002	-88.65167505	30.86490154
28055	MS	Issaquena County	1.337	35.8	0	0.12	34.7	0	0.9299999999999997	-91.01257396	32.707751
28083	MS	Leflore County	30.999	202	0	4.15	169	0.57	28	-90.27707498	33.5180185
28087	MS	Lowndes County	59.71	40.1	0	8.37	4.43	21.1	6.209999999999994	-88.43063437	33.515997
28103	MS	Noxubee County	11.043	35.3	0	1.37	16.1	0.11	17.79	-88.56957528	33.11600404
28121	MS	Rankin County	149.039	20.8	0	17.7	0.04	1.55	1.5100000000000016	-89.94177184	32.3185615
28141	MS	Tishomingo County	19.552	3.32	0	2.55	0.64	0	0.1299999999999999	-88.22416666	34.7325065
28149	MS	Warren County	47.485	40.6	13.6	7.99	4.57	13.4	0.9999999999999929	-90.79242417	32.34845531
28151	MS	Washington County	48.13	315	60.1	11.6	241	0.27	1.8100000000000591	-90.88085821	33.268988
29041	MO	Chariton County	7.589	5.4	0	0.37	4.5	0	0.5299999999999994	-92.96226044	39.4642075
29069	MO	Dunklin County	30.895	185	0.34	3.06	181	0	0.0800000000000125	-90.01664802	36.315783
29099	MO	Jefferson County	224.124	978	943	28.7	0.36	0.69	5.740000000000009	-90.56953373	38.2529305
29113	MO	Lincoln County	54.696	6.36	0	2.51	1.52	0.02	2.3099999999999996	-90.98751324	39.049806
29159	MO	Pettis County	42.255	8.54	0	3.55	0.52	2.23	2.2399999999999984	-93.28095536	38.7267755
29183	MO	St. Charles County	385.59	648	627	17.9	1.25	0.79	0.5599999999999454	-90.72822583	38.7500245
29195	MO	Saline County	23.258	8.3	0	2.88	4.02	0.42	0.9799999999999995	-93.19367273	39.168776
29201	MO	Scott County	39.008	94	3	5.94	84.2	0.01	0.8199999999999932	-89.57748414	37.0561985
30011	MT	Carter County	1.18	36.5	0	0.04	34.8	0	1.7100000000000009	-104.51184944	45.631752
30027	MT	Fergus County	11.427	127	0	1.06	123	0.16	2.65000000000002	-109.35967554	47.249509
30031	MT	Gallatin County	100.739	484	0	11.9	468	0.57	3.7299999999999613	-111.20561389	45.3154725
30045	MT	Judith Basin County	1.926	134	0	0.09	133	0.01	1.3599999999999852	-110.20051154	47.0313125
30049	MT	Lewis and Clark County	66.418	176	0	7.93	165	0.28	2.710000000000008	-112.53513016	47.184491
30055	MT	McCone County	1.683	32.2	0	0.08	31.5	0	0.6800000000000033	-105.81230726	47.574356
30059	MT	Meagher County	1.83	211	0	0.24	210	0	0.7299999999999898	-110.8204942	46.637307
30073	MT	Pondera County	6.184	136	0	0.84	135	0.04	0.6599999999999966	-112.44593641	48.2330045
30085	MT	Roosevelt County	11.476	120	0	1.72	118	0.03	0.6199999999999903	-104.92536616	48.27396373
30099	MT	Teton County	6.104	395	0	1.13	393	0.01	1.2199999999999704	-112.16221351	47.8173215
31069	NE	Garden County	1.918	35.6	0	0.22	34.3	0	1.0799999999999983	-102.31139447	41.6498235
31103	NE	Keya Paha County	0.804	34.7	0	0.05	33.6	0	1.0300000000000011	-99.7279319	42.8740415
31151	NE	Saline County	14.282	73	0	1.36	68.8	2.06	0.7999999999999972	-97.1406262	40.5240605
32001	NV	Churchill County	24.2	216	46.8	3.28	164	0.03	1.990000000000009	-118.30473822	39.537152
32015	NV	Lander County	5.903	157	0	1.47	120	0	35.16000000000001	-117.05798241	40.0366555
32027	NV	Pershing County	6.634	170	0	1.27	156	0	12.27000000000001	-118.33929019	40.4402845
33007	NH	Coos County	31.212	13.3	0.9	4.2	0.17	4.11	3.919999999999998	-71.31472239	44.6954585
33015	NH	Rockingham County	301.777	722	693	15.4	0.95	1.98	9.8599999999999	-71.06803308	43.0059365
33017	NH	Strafford County	126.825	17.6	0	8	0.38	0.68	8.499999999999998	-71.05908786	43.3271685
34001	NJ	Atlantic County	274.219	54.6	0	30.2	15.2	2.72	6.549999999999997	-74.6827573	39.510088
34015	NJ	Gloucester County	291.479	57.9	3.53	17.5	4.95	24.4	7.5	-75.14569604	39.701346
34021	NJ	Mercer County	371.398	141	100	37.6	0.64	0.27	2.3600000000000136	-74.68189211	40.2805955
34029	NJ	Ocean County	588.721	651	563	52.4	8.25	9.2	18.59999999999991	-74.25601967	39.8389935
35031	NM	McKinley County	76.708	11.8	2.05	3.4	0.98	0.03	5.329999999999999	-108.17692783	35.48678253
35039	NM	Rio Arriba County	39.465	105	0	1.83	97.4	0	6.189999999999998	-106.78257726	36.464703
48425	TX	Somervell County	8.739	2110	2110	1.18	0.1	0	0.930000000000291	-97.78485127	32.2024385
48443	TX	Terrell County	0.837	1.02	0	0.13	0.75	0	0.14	-102.16292337	30.1523555
48449	TX	Titus County	32.623	1120	1110	5.35	1.11	0	7.620000000000118	-94.96884189	33.198964
48453	TX	Travis County	1176.558	134	1.83	122	3.56	0.81	5.950000000000017	-97.78100452	30.3343795
48459	TX	Upshur County	40.603	22.4	0	4.29	0.16	0.01	17.93	-94.92736379	32.7099285
48473	TX	Waller County	48.656	16.7	0	4.82	8.05	0.02	3.7600000000000016	-95.99969534	29.9881015
48491	TX	Williamson County	508.514	38.7	0	35.5	0.24	0.01	2.920000000000009	-97.63583542	30.642216
49045	UT	Tooele County	62.952	250	0	16.1	83.2	19.2	131.76000000000002	-113.11225404	40.488606
49047	UT	Uintah County	37.928	240	4.8	8.83	194	4.64	27.130000000000052	-109.51376448	40.11631651
49051	UT	Wasatch County	29.161	91.9	0	54.8	33.5	0	3.6500000000000057	-111.13404745	40.29485
50017	VT	Orange County	28.899	3.79	0	2.16	0.11	0.07	1.4499999999999997	-72.43893924	43.9975075
51003	VA	Albemarle County	105.703	17.5	0	13.3	0.93	0.02	3.3000000000000043	-78.56189532	37.9994745
51009	VA	Amherst County	31.914	19	0	12	0.09	5.57	1.3000000000000007	-79.16308094	37.5999805
51017	VA	Bath County	4.47	13.9	0	0.29	0.17	0	13.46	-79.736407259999993	38.053857
51023	VA	Botetourt County	33.347	7.87	0	5.46	0.05	0	2.3600000000000003	-79.75523194	37.554338
51033	VA	Caroline County	29.984	7.04	0	0.83	1.74	3.32	1.1500000000000004	-77.36788187	38.014499
51047	VA	Culpeper County	49.432	5.32	0	2.33	0.3	0.07	2.6199999999999997	-78.00055119	38.5036815
51073	VA	Gloucester County	37.143	2.81	0	0.66	0.04	0	2.1099999999999994	-76.57501509	37.4219815
51077	VA	Grayson County	16.012	1.66	0	0.11	0.08	0	1.4700000000000002	-81.23690763	36.6833675
51095	VA	James City County	73.147	6.24	0	5.36	0.22	0	0.6599999999999993	-76.80405226	37.316799
51097	VA	King and Queen County	7.158	1.89	0	0	0.88	0	1.0100000000000002	-76.85653109	37.700698
51107	VA	Loudoun County	375.629	11.6	0	6.86	0.95	0.05	3.71	-77.66447798	39.08521308
51111	VA	Lunenburg County	12.299	1.55	0	0.48	0.18	0	0.8899999999999999	-78.2471345	36.9341505
51121	VA	Montgomery County	97.653	28.5	0	6.92	0.38	18.5	2.629999999999999	-80.37426534	37.175011
51127	VA	New Kent County	20.392	20.9	0	19.9	0.23	0	0.8000000000000007	-76.98828858	37.502181
51139	VA	Page County	23.726	3.19	0	1.27	0.32	0	1.5999999999999999	-78.48089894	38.6262015
51163	VA	Rockbridge County	22.354	3.98	0	1.74	0.08	0.31	1.85	-79.44067986	37.809878
51175	VA	Southampton County	18.109	5.1	0.7	0.84	0.82	1.87	0.8700000000000001	-77.09710848	36.770175
51179	VA	Stafford County	142.003	25	0	22	0.11	0	2.9499999999999993	-77.47649693	38.4172315
51191	VA	Washington County	54.591	76	0	11.8	0.5	0	63.68000000000001	-81.9560243	36.76077
51195	VA	Wise County	39.718	6.43	0	4.9	0.08	0	1.4500000000000002	-82.62870912	36.999243
53049	WA	Pacific County	20.848	5.61	0	2.73	2.23	0.33	0.3199999999999994	-123.62717757	46.5164695
53057	WA	Skagit County	121.846	43.1	0	20.3	18.4	0	4.320000000000007	-121.76340351	48.476345
53061	WA	Snohomish County	772.501	139	0	65.5	4.54	52.9	16.049999999999997	-121.70152065	48.0366655
53077	WA	Yakima County	248.83	456	0	30	405	5.6	15.849999999999966	-120.64878524	46.564592
54003	WV	Berkeley County	111.901	16.6	0	5.97	0.13	0.03	10.5	-78.02598319	39.4439035
54007	WV	Braxton County	14.415	1.64	0	1.09	0	0	0.55	-80.74733846	38.6904035
54019	WV	Fayette County	44.997	13	0	5.37	0.08	5.86	1.67	-81.09634282	38.041489
54027	WV	Hampshire County	23.353	3.22	0	0.53	0	0.02	2.67	-78.63035568	39.315307
54037	WV	Jefferson County	56.482	6.77	0	2.7	0.16	0.06	3.85	-77.86079048	39.3158825
54041	WV	Lewis County	16.448	1.74	0	1.08	0.07	0.08	0.51	-80.49344122	38.9450955
54043	WV	Lincoln County	21.415	1.1	0	0.3	0	0	0.8	-82.08368595	38.160436
54057	WV	Mineral County	27.451	2.61	0	1.57	0.04	0.25	0.7499999999999998	-78.86438842	39.443093
54065	WV	Morgan County	17.524	5.38	0	0.55	0.08	0.02	4.7299999999999995	-78.2988183	39.543417
54071	WV	Pendleton County	7.229	2.5	0	0.31	0.04	0	2.15	-79.34109711	38.685013
54075	WV	Pocahontas County	8.607	3.83	0	0.38	0.07	1.07	2.31	-79.98600996	38.3877635
54093	WV	Tucker County	6.966	1.42	0	0.61	0.07	0.17	0.57	-79.57635149	39.118103
54099	WV	Wayne County	40.971	4.49	0	2.91	0.04	0.26	1.2800000000000002	-82.43954509	38.132705
55007	WI	Bayfield County	14.977	9.69	0	0.37	0.12	0.06	9.139999999999999	-91.24035886	46.5576825
55023	WI	Crawford County	16.391	3.08	0	1.43	0.16	0	1.4899999999999998	-90.88775814	43.20610671
55051	WI	Iron County	5.794	0.88	0	0.21	0.43	0.11	0.13	-90.24019177	46.28610545
55057	WI	Juneau County	26.224	24.1	0	1.7	21.2	0.07	1.1499999999999986	-90.13416741	43.943913
55107	WI	Rusk County	14.124	3.34	0	0.48	0.47	1.4	0.9900000000000007	-91.10924933	45.4688805
55121	WI	Trempealeau County	29.55	9.01	0	2.94	3.77	0.43	1.87	-91.3476786	44.2791765
56003	WY	Big Horn County	12.022	598	0	2.2	587	0.07	8.419999999999959	-107.98438261	44.582806
56013	WY	Fremont County	40.315	985	0	4.31	972	0.12	8.150000000000091	-108.57050715	43.134655
01041	AL	Crenshaw County	13.963	3.38	0	1.93	0.58	0	0.8700000000000001	-86.29661125	31.724861
01071	AL	Jackson County	52.419	376	352	11.8	1.28	9.1	1.599999999999966	-86.03118177	34.729614
02100	AK	Haines Borough	2.534	1.84	0	0.29	0	0.06	1.4899999999999998	-134.93436501	59.152953
04001	AZ	Apache County	71.474	31.6	19.7	5.77	1.95	0	4.139999999999997	-109.44490015	35.23660036
05001	AR	Arkansas County	18.433	1680	0.43	1.18	1680	0	0.6400000000001	-91.38774827	34.2532255
05017	AR	Chicot County	11.027	299	0	0.62	272	0	26.180000000000007	-91.29448407	33.2843605
05029	AR	Conway County	21.019	16.1	0	4.16	4.05	7.03	0.8900000000000006	-92.67616192	35.2668695
05041	AR	Desha County	11.965	669	0	0.43	628	19	20.96000000000015	-91.30256626	33.817047
05145	AR	White County	79.161	151	0	7.72	141	0	1.7600000000000193	-91.76266863	35.27622
06007	CA	Butte County	225.411	812	0	28.8	753	4.02	26.3900000000001	-121.57921052	39.724069
06095	CA	Solano County	436.092	457	0	52.2	396	6.08	2.920000000000016	-121.9016702	38.285314
08035	CO	Douglas County	322.387	52.1	0	38.5	11.7	0	1.9099999999999966	-104.92003062	39.348547
08051	CO	Gunnison County	16.067	532	0	1.88	521	0.02	9.620000000000005	-106.97581179	38.7005015
12079	FL	Madison County	18.408	17.2	0	1.23	13.6	0.45	1.9400000000000013	-83.47364091	30.455181
12125	FL	Union County	15.234	2.68	0	0.22	1.14	0.04	1.2799999999999998	-82.38602157	30.0313395
13001	GA	Appling County	18.454	67.4	60.8	0.76	4.19	0	1.6200000000000045	-82.32713445	31.7214035
13049	GA	Charlton County	12.965	1.52	0	0.76	0	0.07	0.69	-82.1042251	30.7126125
13079	GA	Crawford County	12.388	3.63	0	0.4	1.26	0	1.9699999999999998	-83.96099574	32.693461
13107	GA	Emanuel County	22.708	5.29	0	1.59	2.07	0.74	0.8899999999999988	-82.30777906	32.566105
41007	OR	Clatsop County	37.831	45.7	0	10	0.7	18.5	16.430000000000003	-123.64342607	46.02456664
41017	OR	Deschutes County	175.268	125	0	38	70.4	0	16.75	-121.40631632	44.0004315
41019	OR	Douglas County	107.685	108	0	14.2	74.8	0.48	18.28	-122.8888715	43.320699
42003	PA	Allegheny County	1230.459	572	136	178	1.73	247	9.690000000000055	-80.00649746	40.4352305
42033	PA	Clearfield County	80.994	122	113	5.84	0.18	0	2.589999999999989	-78.44381531	40.9889305
42041	PA	Cumberland County	246.338	32.4	0	13.4	0.86	0.23	17.91	-77.31833123	40.137018
42045	PA	Delaware County	563.894	403	278	20.8	0.74	97.1	6.2099999999999795	-75.37785981	39.934184
42051	PA	Fayette County	133.628	51.7	3.8	45.9	0.23	0	1.749999999999993	-79.65475761	39.93528
42061	PA	Huntingdon County	45.668	7.56	0	2.85	0.48	0	4.2299999999999995	-78.0486331	40.402431
42071	PA	Lancaster County	536.624	2620	2530	54.4	2.71	1.83	31.610000000000127	-76.23407859	40.018848
42089	PA	Monroe County	166.397	31.2	0	11.4	0.5	0.33	19.069999999999997	-75.29195764	41.033023
42099	PA	Perry County	45.685	4.83	0	0.71	0.1	0	4.0200000000000005	-77.26916147	40.4063955
42127	PA	Wayne County	51.198	5.78	0	2.38	0.19	0	3.2100000000000004	-75.26132052	41.6160945
42133	PA	York County	442.867	83.3	2.1	34.8	0.9	29.7	15.780000000000015	-76.74213702	39.9716295
44009	RI	Washington County	126.517	22.1	0	9.15	2.45	0.61	9.939999999999994	-71.6062736	41.4800035
45003	SC	Aiken County	165.829	160	95.7	32	4.89	22.2	5.200000000000017	-81.66299633	33.5363985
45007	SC	Anderson County	194.692	59.4	33.5	19	0.04	2.17	4.729999999999997	-82.65881618	34.5150405
45017	SC	Calhoun County	14.781	69.1	0.57	1.11	11.2	55.2	1.0600000000000023	-80.78547486	33.672814
45035	SC	Dorchester County	152.478	38.5	0.44	33	0.23	1.26	3.5700000000000003	-80.42755667	33.0769865
45041	SC	Florence County	138.9	42.2	0	15.7	0.9	20.6	4.970000000000006	-79.75290036	34.041923
45051	SC	Horry County	309.199	64	0	50.1	3.24	0.01	10.639999999999993	-78.97303161	33.9345325
45055	SC	Kershaw County	63.603	11.9	0	5.33	0.29	3.03	3.219999999999999	-80.55675646	34.340825
45069	SC	Marlboro County	27.494	23.9	0	3.9	1.64	16.9	1.4100000000000037	-79.65648773	34.5517135
45073	SC	Oconee County	75.713	2610	2590	10.8	0.42	0	6.559999999999945	-83.10716968	34.764112
45079	SC	Richland County	407.051	74.4	4.86	31.4	0.72	30.4	6.969999999999999	-80.84964467	34.005745
45083	SC	Spartanburg County	297.302	40.9	0	34.7	0.45	0	5.75	-81.97983745	34.8895345
46009	SD	Bon Homme County	6.985	8.48	0	0.56	6.8	0.33	0.7899999999999991	-97.86515811	42.9657945
46041	SD	Dewey County	5.685	1.26	0	0.33	0.23	0	0.7	-100.90618565	45.0951005
46057	SD	Hamlin County	6.047	5.4	0	0.41	4.29	0	0.7000000000000002	-97.18848883	44.6540045
46075	SD	Jones County	0.924	0.49	0	0.05	0	0	0.44	-100.71554625	43.947353
46127	SD	Union County	14.909	8.08	0	1.59	6.14	0	0.35000000000000053	-96.71368297	42.7812195
47003	TN	Bedford County	47.183	7.18	0	6.03	0.17	0	0.9799999999999995	-86.45057769	35.511829
47021	TN	Cheatham County	39.741	3.38	0	2.93	0.22	0	0.22999999999999998	-87.08422205	36.248329
47031	TN	Coffee County	54.277	36.3	0	5.76	0.97	28.7	0.8299999999999983	-86.0607826	35.495945
47035	TN	Cumberland County	58.229	6.91	0	5.71	0.57	0	0.6299999999999999	-84.97872378	35.9496215
47037	TN	Davidson County	678.889	156	0	134	3.31	16.2	2.8000000000000114	-86.78077707	36.1892585
47059	TN	Greene County	68.58	11.5	0	8.92	1.45	0	1.1199999999999992	-82.9073608	36.170695
47065	TN	Hamilton County	354.098	1820	1750	60	1.88	6.64	0.6199999999998909	-85.15352503	35.221172
47089	TN	Jefferson County	53.24	12.7	0	5.28	0.17	1.18	6.069999999999999	-83.46571003	36.0436435
47107	TN	McMinn County	52.639	36.5	0	3.81	0.07	28.1	4.59	-84.61803387	35.442871
47123	TN	Monroe County	45.771	10.2	0	5.62	0.04	0	4.559999999999999	-84.21445787	35.4389915
47127	TN	Moore County	6.322	1.31	0	0.54	0	0.29	0.48	-86.36080515	35.2676255
47143	TN	Rhea County	32.526	20.6	16.2	3.91	0.29	0	0.1700000000000017	-84.91459004	35.617741
47155	TN	Sevier County	95.946	15	0	11.5	0.26	0.06	3.2200000000000006	-83.51287822	35.8029305
47157	TN	Shelby County	938.069	504	318	147	2.46	34.9	1.5500000000000114	-89.8656874	35.2011935
47165	TN	Sumner County	175.989	387	361	24.9	0.44	0	0.660000000000025	-86.47276515	36.448183
47185	TN	White County	26.521	3.45	0	2.81	0.03	0	0.6099999999999999	-85.45669904	35.941269
47189	TN	Wilson County	128.911	17.1	0	15.6	0.59	0	0.9499999999999993	-86.32228076	36.154515
48005	TX	Angelina County	88.255	14.9	0.01	11.3	0.1	2.41	1.049999999999999	-94.63547146	31.276592
48029	TX	Bexar County	1897.753	1010	771	212	8.1	1.97	14.199999999999932	-98.47356238	29.43445
48033	TX	Borden County	0.648	6.74	0	0.06	1.69	0	4.99	-101.43197883	32.691437
48037	TX	Bowie County	93.389	55.7	0	16.9	5.75	30.2	2.8500000000000014	-94.3949569	33.47991801
48051	TX	Burleson County	17.46	17.8	0	1.76	11.3	0.1	4.620000000000001	-96.63674853	30.513032
48061	TX	Cameron County	422.156	193	0.13	24.2	167	0	1.5699999999999932	-97.572801	26.1243395
48087	TX	Collingsworth County	3.044	34.6	0	0.52	33.6	0	0.46999999999999886	-100.27012997	34.9577915
48105	TX	Crockett County	3.71	12.7	0	0.96	0.01	0	11.7	-101.37060321	30.686687
48119	TX	Delta County	5.217	10.2	0	5.37	4.26	0	0.620000000000001	-95.72447149	33.3570565
48185	TX	Grimes County	27.512	203	198	2.22	0.18	0.15	2.4799999999999898	-95.99157068	30.543666
48211	TX	Hemphill County	4.264	7.57	0	0.5	2.75	0	4.32	-100.27072448	35.8154955
48223	TX	Hopkins County	36.223	19.1	0	11	2.42	0	5.609999999999994	-95.5851737	33.170143
48225	TX	Houston County	22.785	8.71	0	2.34	1.12	0	5.250000000000001	-95.43488625	31.259323
48229	TX	Hudspeth County	3.379	82.3	0	0.24	81.7	0	0.4000000000000057	-105.42305379	31.315928
48239	TX	Jackson County	14.816	43.6	0	0.9	35.3	1.35	6.050000000000004	-96.56212343	28.970302
48263	TX	Kent County	0.764	17.7	0	0.08	0.56	0	17.03	-100.77796047	33.179233
48311	TX	McMullen County	0.82	8.3	0	0.1	0	0.24	7.960000000000001	-98.56771857	28.339243
48315	TX	Marion County	10.16	72.7	71.9	0.35	0.01	0	0.480000000000004	-94.36248537	32.7829175
48321	TX	Matagorda County	36.77	83.2	24.6	4.44	38.6	7.36	8.159999999999997	-95.92578017	28.81087694
48339	TX	Montgomery County	537.559	79.2	1.68	57.3	2.48	1.11	16.610000000000007	-95.51480985	30.329037
48349	TX	Navarro County	48.323	5.75	0	2.33	0.03	0.43	2.96	-96.47541451	32.0624275
48373	TX	Polk County	46.972	565	0	562	0.19	0.29	2.42999999999995	-94.89627324	30.8159995
48377	TX	Presidio County	6.876	5.46	0	2.54	2.68	0	0.2400000000000002	-104.2385372	29.9446825
48383	TX	Reagan County	3.792	38.3	0	0	18	0	20.3	-101.52257095	31.418926
48407	TX	San Jacinto County	27.413	3.43	0	2.13	0.06	0.01	1.23	-95.17815809	30.612571
55001	WI	Adams County	20.148	68.6	0	0.81	67	0.09	0.6999999999999886	-89.77683946	43.943913
55029	WI	Door County	27.554	3.84	0	1.36	0.67	0.1	1.71	-87.26769757	44.986764
56025	WY	Natrona County	82.178	158	0	12.3	128	1.8	16.23999999999998	-106.78775309	42.926964
72097	PR	Mayaquez Municipio	79.51	22.1	0	22	0	0.02	0.14000000000000057	-67.09515927	18.210327
72141	PR	Utuado Municipio	30.288	4.17	0	3.92	0	0	0.25	-66.69203915	18.250064
72151	PR	Yabucoa Municipio	35.082	8.04	0	3.73	3.9	0.01	0.39999999999999947	-65.90386607	18.0687015
02195	AK	Petersburg Borough	3.177	0.83	0	0.65	0	0.12	0.06000000000000005	-132.9021554	57.262933
05081	AR	Little River County	12.472	57.5	0	2.8	33.4	20.7	0.6400000000000077	-94.22641632	33.739573
06009	CA	Calaveras County	44.828	17	0	6.59	8.8	0.17	1.450000000000001	-120.66062248	38.170416
08097	CO	Pitkin County	17.787	126	0	8.13	117	0	0.8900000000000006	-106.92973535	39.1715205
13127	GA	Glynn County	83.579	43.4	1.63	9.31	2.24	29.5	0.7299999999999969	-81.5228037	31.2348175
16049	ID	Idaho County	16.272	117	0	0.93	89.2	0.04	26.310000000000002	-115.56125892	45.887846
18125	IN	Pike County	12.594	376	375	1.01	0.04	0	0.3100000000000023	-87.24024095	38.3901335
21055	KY	Crittenden County	9.183	1.27	0	0.47	0.5	0	0.30000000000000004	-88.08575031	37.336291
22017	LA	Caddo Parish	251.46	81.8	30.2	43.3	5.71	0.1	2.500000000000014	-93.90114349	32.6076315
29019	MO	Boone County	174.974	24.7	0.11	17.8	6.15	0.04	0.5500000000000043	-92.34032754	38.945707
30005	MT	Blaine County	6.577	345	0	0.93	343	0	1.1999999999999886	-108.96507189	48.3553545
36063	NY	Niagara County	212.652	298	149	49.5	1.83	90.1	7.909999999999968	-78.75572527	43.19625114
40089	OK	McCurtain County	33.048	43.6	0	5.6	1.69	34.2	2.079999999999991	-94.81495877	34.0745579
41023	OR	Grant County	7.185	39.3	0	0.97	37.6	0	0.6500000000000057	-119.00986057	44.477032
44005	RI	Newport County	82.423	8.55	0	7.2	0.47	0.06	0.8200000000000012	-71.17371971	41.56221518
46117	SD	Stanley County	2.954	0.99	0	0.32	0.06	0	0.61	-100.86767718	44.4771075
47091	TN	Johnson County	17.83	2.47	0	1.7	0.06	0.05	0.6599999999999997	-81.85193752	36.4380695
48313	TX	Madison County	14.065	6.4	0	2.37	0.09	0	3.9400000000000004	-95.94725033	30.958236
51117	VA	Mecklenburg County	31.081	5.46	0.99	1.87	0.95	0	1.6500000000000004	-78.33412918	36.7143445
53027	WA	Grays Harbor County	71.122	27.4	1.9	7.63	6.95	0.91	9.969999999999999	-123.8419239	47.16622296
54059	WV	Mingo County	25.292	6.75	0	4.02	0.07	0	2.66	-82.21543233	37.7430905
02170	AK	Matanuska-Susitna Borough	101.095	8.46	0	2.69	0.54	0	5.229999999999999	-149.71376253	62.3361605
20071	KS	Greeley County	1.33	15.7	0	0.25	14.3	0.05	1.0399999999999991	-101.80629159	38.479521
21067	KY	Fayette County	314.488	37	0	35.2	1.36	0	0.4099999999999966	-84.47140554	38.0272815
22043	LA	Grant Parish	22.343	6.49	0	4.54	1.6	0.08	0.2699999999999987	-92.56336349	31.592833
08057	CO	Jackson County	1.356	343	0	0.32	340	0	2.4899999999999523	-106.32321018	40.664797
10001	DE	Kent County	173.533	46.7	0.13	11.8	28	0.1	6.640000000000001	-75.57209724	39.096881
12075	FL	Levy County	39.832	19.3	0	1.48	15.5	0.01	2.2699999999999996	-82.78384011	29.292918
13075	GA	Cook County	17.124	10.2	0	1.4	7.9	0	0.8599999999999994	-83.42906278	31.1889725
37051	NC	Cumberland County	323.838	45.1	0	35.8	5.84	0	3.3999999999999915	-78.87157683	35.0507345
37139	NC	Pasquotank County	39.829	3.59	0	2.67	0.79	0	0.12999999999999945	-76.30664824	36.317092
27103	MN	Nicollet County	33.347	6.39	0	4.22	0.14	0.33	1.7000000000000002	-94.20462742	44.30551
28089	MS	Madison County	103.465	16.9	0	16.5	0.13	0.07	0.22999999999999687	-90.00878483	32.642407
30007	MT	Broadwater County	5.689	200	0	1.03	198	0.09	0.789999999999992	-111.45284755	46.307841
30093	MT	Silver Bow County	34.622	28.6	0	7.73	11.9	0.17	8.829999999999998	-112.69087107	45.904748
51087	VA	Henrico County	325.155	23.8	0	20.2	0.94	0	2.66	-77.30302008	37.5318815
51199	VA	York County	67.837	394	375	19	0.07	0	0.39999999999997726	-76.55270936	37.235889
54095	WV	Tyler County	8.975	7.03	0	0.57	0.02	5.37	1.0699999999999994	-80.82183701	39.451265
42031	PA	Clarion County	39.498	4.46	0	2.73	0.12	0	1.609999999999999	-79.43753909	41.202785
42113	PA	Sullivan County	6.328	1.08	0	0.65	0.04	0	0.39	-76.50933377	41.4386235
45061	SC	Lee County	17.896	6.75	0	2.54	3.68	0	0.5299999999999994	-80.31733115	34.1592855
47045	TN	Dyer County	37.893	9.42	0	2.71	5.9	0.59	0.22000000000000064	-89.42368398	36.04880578
48343	TX	Morris County	12.516	19.7	0.62	0.23	0.01	17.3	1.5300000000000011	-94.73404724	33.123784
01025	AL	Clarke County	24.675	26.5	0	2.58	0.28	22.1	1.4700000000000024	-87.8144732	31.5888405
01047	AL	Dallas County	41.131	53.3	0	5.91	3.2	30.9	13.329999999999998	-87.12788981	32.3888085
05073	AR	Lafayette County	6.996	17	0	0.37	13.6	0	3	-93.5921911	33.2507645
06011	CA	Colusa County	21.482	699	0.28	2.46	695	0.84	0.5399999999999636	-122.20669484	39.168596
06053	CA	Monterey County	433.898	380	161	38.2	169	2.16	10.29000000000002	-121.48747864	36.35022861
06099	CA	Stanislaus County	538.388	1150	0.42	80.5	1030	15.2	21.920000000000073	-120.87277419	37.6131835
08111	CO	San Juan County	0.701	0.27	0	0.24	0	0	0.030000000000000027	-107.6464502	37.8018675
12045	FL	Gulf County	15.871	2.74	0	1.88	0.11	0.03	0.7199999999999993	-85.21002393	29.9346075
12121	FL	Suwannee County	43.76	171	135	1.19	28.1	1.7	5.289999999999992	-83.01318717	30.163459
13261	GA	Sumter County	30.779	26.1	0	2.48	20.6	0.39	2.6700000000000017	-84.20547246	32.055317
13311	GA	White County	28.319	2.84	0	1.47	0	0	1.3699999999999999	-83.76696926	34.6527165
16029	ID	Caribou County	6.77	505	0	1.56	448	0.55	54.829999999999984	-111.57879726	42.7197145
16079	ID	Shoshone County	12.432	7.95	0	2.48	1.09	0.08	4.3	-116.00984376	47.500974
18021	IN	Clay County	26.503	1.06	0	0.33	0	0	0.73	-87.09096599	39.3854645
18175	IN	Washington County	27.827	3.78	0	2.44	0	0	1.3400000000000003	-86.09702495	38.604392
19035	IA	Cherokee County	11.574	5.81	0	1.93	0.11	1.4	2.3700000000000006	-95.62391092	42.741985
20033	KS	Comanche County	1.843	6.84	0	0.36	5.9	0	0.5800000000000001	-99.27265123	37.186213
20149	KS	Pottawatomie County	23.298	35.7	25.1	6.22	3.2	0	1.1499999999999986	-96.35369672	39.345854
21027	KY	Breckinridge County	20.018	2.93	0	1.8	0.02	0	1.11	-86.41682508	37.805301
21147	KY	McCreary County	17.878	2.15	0	1.96	0	0	0.18999999999999995	-84.49047917	36.777565
22005	LA	Ascension Parish	119.455	189	0	2.65	0.45	183	2.780000000000001	-90.89224209	30.2043525
22025	LA	Catahoula Parish	10.147	18.4	0	1.17	16.4	0	0.8399999999999963	-91.91712211	31.594837
22037	LA	East Feliciana Parish	19.696	2.84	0	2.21	0.25	0	0.3799999999999999	-91.03812518	30.8243785
22109	LA	Terrebonne Parish	113.972	3.75	0	1.88	0.06	0	1.81	-90.83111086	29.4220155
22123	LA	West Carroll Parish	11.293	13.3	0	1.39	11.8	0	0.120000000000001	-91.46713405	32.7950495
24029	MD	Kent County	19.787	5.95	0	1.09	3.78	0.18	0.8999999999999995	-76.15959276	39.1964285
24047	MD	Worcester County	51.54	15.6	0	7.68	3.06	0.1	4.73	-75.36359293	38.222876
25027	MA	Worcester County	818.963	269	0.69	252	2.19	4.07	10.319999999999993	-71.95785851	42.365115
26089	MI	Leelanau County	21.981	4.05	0	0.5	1.62	0.46	1.4699999999999998	-85.70667512	44.9926085
26141	MI	Presque Isle County	12.841	26.7	0	0.46	0.23	24.6	1.3599999999999994	-84.01552979	45.4125855
27173	MN	Yellow Medicine County	9.875	3.26	0	2.24	0.11	0	0.9100000000000001	-95.93852198	44.7377085
28057	MS	Itawamba County	23.609	11.4	0	10.4	0.04	0.02	0.9000000000000004	-88.36229918	34.2706705
28109	MS	Pearl River County	55.191	8.6	0	4.58	0.95	0	3.0699999999999994	-89.58269043	30.736439
29027	MO	Callaway County	44.834	39.4	22.9	3.6	6.31	0.65	5.880000000000003	-91.89320409	38.8099645
30033	MT	Garfield County	1.314	12.4	0	0.04	10.9	0	1.4399999999999995	-107.10361062	47.413747
30063	MT	Missoula County	114.181	174	0	30.4	137	2.37	4.180000000000007	-113.94480537	47.1136525
31007	NE	Banner County	0.788	24.8	0	0.02	23.6	0	1.1999999999999993	-103.7099637	41.547237
32031	NV	Washoe County	446.903	127	4.71	55.7	50.3	0.03	16.39999999999999	-119.65470149	40.571577
34031	NJ	Passaic County	510.916	275	0	271	0.32	0.87	3.230000000000018	-74.30789679	41.011541
35017	NM	Grant County	28.609	81	0	2.49	31.7	0	46.84000000000001	-108.28512624	32.560353
36009	NY	Cattaraugus County	77.922	18.6	0.97	9.45	0.59	0.3	7.299999999999999	-78.68488575	42.304228
36061	NY	New York County	1644.518	229	229	0	0	0	0	-73.95496324	40.7851545
37015	NC	Bertie County	20.199	7.26	0	1.68	2.51	2	1.0700000000000003	-76.98351825	36.0291515
37101	NC	Johnston County	185.66	25.3	0	15.8	4.15	0	5.399999999999995	-78.37993084	35.5455345
37125	NC	Moore County	94.352	18.5	0	6.78	9.02	0	2.7099999999999973	-79.46102412	35.2811135
37131	NC	Northampton County	20.426	5.31	0	1.11	3.34	0	0.8600000000000003	-77.36951229	36.3555535
38097	ND	Traill County	8.014	1.16	0	0.92	0.09	0	0.15000000000000013	-97.16434683	47.454869
40003	OK	Alfalfa County	5.868	5.89	0	0.7	3.17	0	2.0199999999999987	-98.3252684	36.7319295
40113	OK	Osage County	47.887	21	0	16.6	1.21	0.56	2.6999999999999957	-96.44716261	36.579434
40133	OK	Seminole County	25.548	9.71	0.78	3.2	0.05	0	5.679999999999999	-96.60891468	35.1648635
41015	OR	Curry County	22.483	18.1	0	2.85	7.05	0	8.199999999999998	-124.21244631	42.47476
42101	PA	Philadelphia County	1567.442	315	32.4	250	0.37	33.1	0	-75.13911278	40.0025995
45027	SC	Clarendon County	33.775	7.87	0	2.31	3.26	0	2.299999999999999	-80.24647406	33.688596
45047	SC	Greenwood County	69.838	6.74	0	4.85	0.01	0	1.8800000000000008	-82.07974083	34.1813885
45057	SC	Lancaster County	85.842	24.3	0	21	0.09	0.01	3.2399999999999984	-80.6948367	34.767166
45087	SC	Union County	27.777	4.13	0	2.94	0	0.79	0.3999999999999999	-81.63958064	34.67885
47025	TN	Claiborne County	31.709	4.14	0	2.98	0.01	0	1.15	-83.65582404	36.4668425
47053	TN	Gibson County	49.399	7.9	0	3.8	1.8	0	2.3000000000000007	-88.94441968	36.0054845
47079	TN	Henry County	32.147	6.02	0	2.11	1.6	0	2.3099999999999996	-88.3128385	36.310858
47105	TN	Loudon County	51.13	20.3	0	13.1	0.04	6.3	0.7800000000000011	-84.28883477	35.756117
48089	TX	Colorado County	20.87	71	0	2.94	61.6	0.46	6.0800000000000125	-96.52359329	29.60451
48135	TX	Ector County	159.436	71.5	3.57	0.64	0.65	0.11	66.55999999999999	-102.54291273	31.868751
48175	TX	Goliad County	7.531	285	281	0.34	2.73	0	1.4800000000000182	-97.46788734	28.656951
48323	TX	Maverick County	57.706	38.4	0	6.95	29.7	0	1.7299999999999969	-100.28045567	28.641621
48379	TX	Rains County	11.161	1.77	0	1.25	0.03	0	0.49	-95.80151219	32.8456165
48391	TX	Refugio County	7.289	12.6	0	0.65	0.44	0	11.559999999999999	-97.1661005	28.304541
48411	TX	San Saba County	5.901	8.43	0	1.43	6.26	0	0.7400000000000002	-98.83042872	31.205163
49007	UT	Carbon County	20.479	45	1.57	5.41	37.7	0.01	0.3100000000000023	-110.60216007	39.6406235
49019	UT	Grand County	9.516	23	0	2.74	19	0.14	1.0800000000000018	-109.57438989	38.998611
51029	VA	Buckingham County	17.032	5.11	3.38	0.36	0	0	1.3700000000000006	-78.5588765	37.563281
51061	VA	Fauquier County	68.782	6.72	0	3.1	0.28	0	3.34	-77.81640157	38.7124785
51141	VA	Patrick County	18.045	2.25	0	0.29	0.13	0.28	1.55	-80.2720068	36.7068665
51167	VA	Russell County	27.891	6.14	3.21	1.18	0.03	0	1.7200000000000006	-82.07460579	36.9263995
51193	VA	Westmoreland County	17.629	2.96	0	0.79	1.71	0	0.4599999999999995	-76.73745103	38.1214045
53045	WA	Mason County	61.023	27.4	0	4.96	1.07	5.25	16.14	-123.16367697	47.3454205
53073	WA	Whatcom County	212.284	109	3.68	18.1	31	20.4	36.09	-121.72642962	48.8228605
54025	WV	Greenbrier County	35.516	6.68	0	3.42	0.27	0.32	2.6700000000000017	-80.40731722	37.9724135
12029	FL	Dixie County	16.203	5.84	0	0.62	4.09	0	1.13	-83.17527188	29.5568205
12057	FL	Hillsborough County	1349.05	1870	1590	196	48.4	15.4	10.599999999999909	-82.24743021	27.90933979
12089	FL	Nassau County	78.444	49.2	0	7	3.54	34.5	4.159999999999997	-81.87445209	30.551638
13025	GA	Brantley County	18.455	1.54	0	0.24	0.04	0	1.26	-82.02042255	31.187745
13201	GA	Miller County	5.854	36.2	0	0.26	35.2	0	0.7100000000000009	-84.73016588	31.1627645
13265	GA	Taliaferro County	1.639	0.13	0	0.05	0	0	0.08	-82.85661921	33.586555
13289	GA	Twiggs County	8.39	5.54	0	0.45	1.26	3.35	0.47999999999999954	-83.44298026	32.674565
16059	ID	Lemhi County	7.735	94.9	0	1.63	90.9	0	2.410000000000011	-114.0875221	44.9688085
16087	ID	Washington County	9.984	417	0	0.74	415	0.68	0.92999999999995	-116.86165347	44.497526
18053	IN	Grant County	67.979	10.6	0	3.95	0.19	1.73	4.699999999999999	-85.65510619	40.52233
36017	NY	Chenango County	48.844	7.82	0	2.22	0.29	1.07	4.24	-75.6347606	42.4704275
37019	NC	Brunswick County	122.765	1370	1360	2.8	7.23	0.01	2.0499999999999545	-78.24420645	34.1081935
37047	NC	Columbus County	56.694	42.1	0	2.02	2.8	33.8	3.4499999999999886	-78.63000197	34.212674
37147	NC	Pitt County	175.842	23.7	0	13.6	5.08	0.14	4.850000000000005	-77.36786969	35.580597
37173	NC	Swain County	14.434	30.3	0	0.5	0.2	0	29.590000000000003	-83.59730786	35.4868065
39167	OH	Washington County	61.112	147	136	7.63	0	0.47	3.289999999999992	-81.51505448	39.432132
40023	OK	Choctaw County	14.997	9.52	5.25	2.69	0.32	0	1.2599999999999998	-95.54724244	34.009492
27051	MN	Grant County	5.903	2.2	0	0.31	1.62	0	0.27	-96.01162255	45.93417
27137	MN	St. Louis County	200.431	87.6	19.9	35.3	0.23	26.9	5.299999999999997	-92.42862388	47.649172
28021	MS	Claiborne County	9.15	27.3	24.5	0.66	1.99	0	0.120000000000001	-90.8995547	32.0084925
28053	MS	Humphreys County	8.669	106	0	0.92	90	0.12	14.569999999999993	-90.53721996	33.125811
28137	MS	Tate County	28.296	9.25	0	1.81	5.52	0	1.92	-89.94403258	34.6632415
30003	MT	Big Horn County	13.242	331	0.8	1.21	323	0.13	5.810000000000059	-107.39965745	45.522349
30061	MT	Mineral County	4.251	1.95	0	0.33	1.37	0.03	0.21999999999999997	-114.86345794	47.098635
30089	MT	Sanders County	11.336	66.8	0	0.71	65.1	0.12	0.8799999999999955	-115.1537752	47.693501
31009	NE	Blaine County	0.487	15.3	0	0.02	14.6	0	0.7000000000000011	-99.97637545	41.917482
32003	NV	Clark County	2114.801	478	2.6	410	34.5	5.38	25.05000000000001	-115.24905182	35.9201865
32033	NV	White Pine County	9.811	114	0	1	92.9	0	19.929999999999993	-114.97732467	39.4166135
34035	NJ	Somerset County	333.654	10.1	0	2.71	1.53	0.97	4.89	-74.62493988	40.5663285
50027	VT	Windsor County	55.737	6.23	0	3.1	0.26	0.31	2.5599999999999983	-72.54569474	43.5954645
51027	VA	Buchanan County	22.776	1.84	0	0	0	0.3	1.54	-82.06191614	37.288892
51057	VA	Essex County	11.13	1.3	0	0.02	0.64	0	0.64	-76.97040392	37.944946
51119	VA	Middlesex County	10.606	1.25	0	0.07	0.52	0	0.6599999999999999	-76.632539070000007	37.6405071
51149	VA	Prince George County	37.862	0.85	0	0.14	0.41	0.04	0.26	-77.2502019	37.1557605
53067	WA	Thurston County	269.536	48.2	0	22.6	6.12	2.76	16.749999999999993	-122.89729175	46.9761395
54109	WV	Wyoming County	22.151	3.68	0	1.82	0.08	0	1.78	-81.5712523	37.604947
05057	AR	Hempstead County	22.084	8.53	4.07	2.8	0	0	1.660000000000001	-93.71474536	33.7436575
06071	CA	San Bernardino County	2128.133	457	13	338	33.3	46	27.30000000000001	-116.11080993	34.8384125
10003	DE	New Castle County	556.779	625	268	60.6	2.18	289	4.779999999999973	-75.67439819	39.56476
41003	OR	Benton County	87.572	97.2	0	12	76.7	0.7	7.799999999999983	-123.40507059	44.4981485
42055	PA	Franklin County	153.638	18.9	0	8.47	1.25	0.16	8.99	-77.70638118	40.004476
44007	RI	Providence County	633.473	310	223	80.1	0.77	1.13	5.060000000000002	-71.56543769	41.86707183
45031	SC	Darlington County	67.548	701	680	6.41	3.16	10.1	1.150000000000091	-79.91171759	34.3098585
45065	SC	McCormick County	9.706	1.39	0	0.96	0.23	0	0.19999999999999996	-82.23402964	33.835365
47055	TN	Giles County	28.946	4.71	0	3	0.89	0	0.8199999999999998	-87.02149095	35.224408
47117	TN	Marshall County	31.552	3.93	0	2.69	0.02	0	1.2200000000000002	-86.7766754	35.4864615
47147	TN	Robertson County	68.57	8.07	0	4.83	0.89	0	2.3500000000000005	-86.88174427	36.501774
48015	TX	Austin County	29.563	9.57	0	2.03	4.42	0.01	3.110000000000001	-96.27434205	29.84935
48043	TX	Brewster County	9.145	3.28	0	1.02	1.76	0	0.49999999999999956	-103.0838023	29.815795
48071	TX	Chambers County	38.863	380	291	1.59	76.6	0.78	10.460000000000036	-94.52247052	29.7068475
48173	TX	Glasscock County	1.315	43	0	0	22.6	0.03	20.400000000000002	-101.52080404	31.868152
48277	TX	Lamar County	49.44	22.9	0.54	14.8	5.96	0	1.5899999999999963	-95.58312887	33.650126
48301	TX	Loving County	0.112	14.3	0	0.01	0	0	14.33	-103.56770997	31.8254955
48387	TX	Red River County	12.455	6.06	0	0.92	3.65	0	1.4900000000000002	-95.02833789	33.650126
21203	KY	Rockcastle County	16.942	2.23	0	1.95	0.01	0	0.27	-84.31520567	37.3465495
30009	MT	Carbon County	10.408	510	0	1.76	504	0.01	4.220000000000027	-109.14302693	45.316929
01033	AL	Colbert County	54.354	1010	964	8.26	2.43	29.7	1.240000000000009	-87.59538917	34.7365055
02050	AK	Bethel Census Area	17.946	0.41	0	0.3	0	0	0.11000000000000004	-162.27285581	60.419868
04007	AZ	Gila County	53.159	26.2	0	4.83	3.05	0.03	18.27	-110.68141513	33.741626
05039	AR	Dallas County	7.604	0.21	0	0.18	0	0	0.03	-92.71738413	33.9759745
06015	CA	Del Norte County	27.254	19.6	0	2.4	16.4	0	0.7300000000000004	-123.90592201	41.690583
08043	CO	Fremont County	46.692	104	0	6.42	95.5	0.68	1.3199999999999932	-105.4588891	38.4732825
08107	CO	Routt County	24.13	183	4.6	2.88	172	0	3.8999999999999773	-107.04370737	40.460903
12013	FL	Calhoun County	14.462	4.73	0	0.58	2.85	0	1.2999999999999994	-85.20872553	30.403923
12069	FL	Lake County	325.875	106	0.23	49.3	41.4	2.04	13.399999999999991	-81.68643071	28.8128775
12103	FL	Pinellas County	949.827	515	488	23.9	2.15	0.18	0.2500000000001137	-82.74376198	27.89238931
12129	FL	Wakulla County	31.535	4.44	0.23	2.31	0.32	0.7	0.8800000000000008	-84.37195426	30.1362725
13033	GA	Burke County	22.745	87.3	66.3	0.85	17.9	0.23	1.9699999999999989	-81.92472053	33.0509005
16003	ID	Adams County	3.843	36.2	0	0.53	35	0.01	0.6000000000000085	-116.54151362	44.8564155
16035	ID	Clearwater County	8.496	162	0	1.04	32.4	0.04	128.35	-115.61203466	46.606797
17153	IL	Pulaski County	5.678	1.25	0	0.17	0.77	0	0.31000000000000016	-89.15281539	37.20124445
18071	IN	Jackson County	44.069	9.97	0	5.39	2.32	0.01	2.25	-86.03693014	38.8902725
18113	IN	Noble County	47.733	9.04	0	2.3	2.87	0.8	3.0699999999999994	-85.42331261	41.4055845
21003	KY	Allen County	20.64	2.03	0	0.95	0.34	0	0.7400000000000002	-86.21638201	36.7814415
21107	KY	Hopkins County	46.222	27	0	9.63	0.09	0	17.240000000000002	-87.58501488	37.3379295
21235	KY	Whitley County	36.129	6.56	0	4.84	0.01	0	1.7100000000000009	-84.16352856	36.7801245
13215	GA	Muscogee County	200.579	43.4	5.95	36.8	0.41	0	0.22999999999999687	-84.86386723	32.49155
13263	GA	Talbot County	6.337	1.83	0	1.33	0	0	0.5000000000000002	-84.51898089	32.704519
13301	GA	Warren County	5.46	1.07	0	0.32	0	0.14	0.6100000000000001	-82.70175215	33.4326575
16013	ID	Blaine County	21.592	228	0	5.44	215	0.32	7.219999999999999	-113.87828899	43.3048855
16031	ID	Cassia County	23.506	988	0	3.66	973	2.89	8.200000000000045	-113.6438983	42.349392
17125	IL	Mason County	13.701	76.2	3.6	0.57	67	0.09	4.969999999999985	-89.85877179	40.242333
18007	IN	Benton County	8.681	1.35	0	0.4	0.35	0	0.6000000000000001	-87.31113953	40.59307491
18051	IN	Gibson County	33.775	36.1	24.9	1.71	0.43	0.01	9.02	-87.56607698	38.35365187
20083	KS	Hodgeman County	1.893	19.2	0	0.15	17.8	0	1.240000000000002	-99.89752451	38.087778
20203	KS	Wichita County	2.157	40.2	0	0.29	36.5	0.04	3.299999999999997	-101.34754535	38.4817515
21079	KY	Garrard County	17.237	2.2	0	1.43	0.09	0	0.6799999999999997	-84.5497845	37.651508
21123	KY	Larue County	14.241	1.3	0	0.67	0.05	0	0.58	-85.71234306	37.57721
21209	KY	Scott County	52.42	4.25	0	2.89	0.37	0	0.9899999999999998	-84.58583051	38.30076
22065	LA	Madison Parish	11.514	35	0	1.65	33	0	0.4000000000000057	-91.23395147	32.3777275
22105	LA	Tangipahoa Parish	128.755	19.4	0	15.1	0.2	0.83	3.289999999999999	-90.40821112	30.617842
23025	ME	Somerset County	51.113	53.7	0	1.82	0.14	36.7	15.04	-70.12592926	45.575639
24037	MD	St. Mary's County	111.413	8.61	0	4.15	0.07	0.01	4.380000000000001	-76.59933895	38.27548078
29227	MO	Worth County	2.057	0.35	0	0.01	0.12	0	0.21999999999999997	-94.43176659	40.4777875
30043	MT	Jefferson County	11.645	86	0	1.28	80.9	0.06	3.6899999999999977	-112.14999741	46.159701
30081	MT	Ravalli County	41.373	389	0	3.25	382	0.21	3.9700000000000273	-114.13330813	46.0595855
33009	NH	Grafton County	89.32	13.6	0.71	7.57	0.38	0.52	4.459999999999999	-71.73359286	43.9678225
34027	NJ	Morris County	499.509	102	0	90	0.82	3.79	7.6499999999999915	-74.5716843	40.867158
36075	NY	Oswego County	120.146	1100	1050	34.9	0.66	2.56	12.230000000000018	-76.21554211	43.430886
37145	NC	Person County	39.259	771	765	2.53	1.28	0.22	2.0299999999999727	-78.97315773	36.3736465
37193	NC	Wilkes County	68.502	12.9	0	6.61	0.67	2.29	3.299999999999999	-81.16975108	36.2180905
39021	OH	Champaign County	38.987	8.82	0	2.49	1.15	0.81	4.37	-83.76241256	40.162089
40141	OK	Tillman County	7.515	18.6	0	1.11	16.4	0	1.1000000000000014	-98.93985601	34.3802215
41031	OR	Jefferson County	22.666	179	0	4.38	128	0	46.77000000000001	-121.09284975	44.60679
41047	OR	Marion County	330.7	411	0.38	71.9	310	0.22	27.88999999999993	-122.80411661	44.9843825
45029	SC	Colleton County	37.731	10.6	0	2.07	6.17	0	2.41	-80.65078073	32.826574
45071	SC	Newberry County	38.012	9.26	0	6.58	0.64	0	2.04	-81.62323075	34.302201
46085	SD	Lyman County	3.876	2.95	0	0.22	2.1	0	0.6299999999999999	-99.83792825	43.857042
47057	TN	Grainger County	22.846	6.07	0	0	0.15	0	5.92	-83.54875011	36.251382
47145	TN	Roane County	52.753	353	348	4.86	0.08	0	0.3199999999999932	-84.54553514	35.84591
47183	TN	Weakley County	33.96	5.89	0	2.26	1.21	0.06	2.3600000000000008	-88.74026681	36.282304
48041	TX	Brazos County	215.037	67.2	14.3	31.5	16.3	1.26	3.8800000000000026	-96.38159443	30.6512825
48079	TX	Cochran County	2.953	73.1	0	0.4	66.5	0	6.170000000000002	-102.8286541	33.616571
48419	TX	Shelby County	25.402	19.9	0	4.78	0.01	0	15.080000000000002	-94.12745955	31.774229
48495	TX	Winkler County	8.005	15.6	0	1.45	1.45	0.05	12.690000000000001	-103.06266252	31.9319485
49023	UT	Juab County	10.594	66.7	0.07	4.59	61.1	0.54	0.3499999999999801	-112.8823738	39.651273
51021	VA	Bland County	6.561	0.84	0	0.04	0.06	0	0.7400000000000001	-81.07764318	37.1274465
51103	VA	Lancaster County	10.965	0.57	0	0.12	0.13	0	0.32000000000000006	-76.46281516	37.724601
51157	VA	Rappahannock County	7.378	0.83	0	0.03	0.07	0	0.73	-78.12886678	38.6927275
53019	WA	Ferry County	7.582	4.32	0	0.58	2.41	0.13	1.2000000000000002	-118.52378824	48.412553
53075	WA	Whitman County	48.177	11.4	0	6.26	2.24	1.85	1.049999999999999	-117.52164287	46.839101
54083	WV	Randolph County	29.126	12.7	0	2.75	0.02	0	9.910000000000002	-79.82802467	38.751912
55011	WI	Buffalo County	13.192	239	235	0.4	1.52	0.02	1.629999999999967	-91.72133856	44.310892
56033	WY	Sheridan County	30.009	297	0	4.55	290	0.08	1.7300000000000182	-106.90295312	44.778624
72031	PR	Carolina Municipio	161.884	1.16	0	1.1	0	0	0.06000000000000005	-65.95288385	18.3645355
78030	VI	St. Thomas County	50.264	62.3	58.3	2.07	0	0.08	1.8700000000000045	-64.91886278	18.34278
01073	AL	Jefferson County	660.367	58	0	49	5.88	0.87	2.25	-86.86152737	33.5426395
01129	AL	Washington County	16.804	56.1	39.9	2.81	0.23	9.25	3.8900000000000006	-88.18788836	31.4067535
02122	AK	Kenai Peninsula Borough	58.059	15.5	0.41	3.63	0.06	0.37	11.059999999999999	-150.52825985	60.097342
02290	AK	Yukon-Koyukuk Census Area	5.533	0.33	0	0.24	0	0.04	0.04999999999999999	-153.54752309	65.2266005
04025	AZ	Yavapai County	222.255	87.2	0	21.1	31.1	1.12	33.79	-112.44273452	34.6786765
06063	CA	Plumas County	18.409	107	0	2.15	103	1.35	0.8100000000000023	-120.80545258	40.0231445
06089	CA	Shasta County	179.533	245	1.06	33.5	161	15.2	34.09	-122.01794257	40.7348395
08005	CO	Arapahoe County	631.096	147	0	141	3.56	0	2.0600000000000023	-104.28587951	39.649608
20133	KS	Neosho County	16.346	2.05	0	1.08	0.06	0.18	0.7299999999999998	-95.3067977	37.5602915
20161	KS	Riley County	75.247	4.91	0	3.03	1.06	0.04	0.7800000000000002	-96.80022966	39.3036
21033	KY	Caldwell County	12.681	2.5	0	0	0.85	0	1.65	-87.8709052	37.1658165
21097	KY	Harrison County	18.763	4.19	0	2.78	0.89	0	0.5199999999999996	-84.32819127	38.4297635
21133	KY	Letcher County	23.123	2.71	0	1.61	0.05	0	1.0499999999999998	-82.89298508	37.11364713
21187	KY	Owen County	10.73	0.64	0	0	0.28	0	0.36	-84.84598128	38.5313575
22045	LA	Iberia Parish	74.103	33.4	0	8.65	2.72	10.3	11.719999999999999	-91.81309634	29.9251495
22073	LA	Ouachita Parish	156.761	68.6	2.55	24.2	18.3	23.1	0.5099999999999909	-92.17485655	32.4878885
24011	MD	Caroline County	32.579	19.6	0	0.98	15	0.15	3.539999999999999	-75.83494713	38.8874375
48455	TX	Trinity County	14.402	1.88	0	0.96	0.41	0	0.51	-95.10480365	31.121192
49033	UT	Rich County	2.311	120	0	1.79	117	0	0.6799999999999926	-111.23817513	41.572479
51019	VA	Bedford County	77.724	22.3	0	1.54	0.18	14.2	6.370000000000001	-79.56602758	37.311121
51067	VA	Franklin County	56.264	6.3	0	1.76	0.55	0	3.9899999999999998	-79.86332108	37.006982
51105	VA	Lee County	24.742	3.17	0	2.34	0.08	0	0.7499999999999996	-82.98016509	36.7436571
51143	VA	Pittsylvania County	62.194	7.93	0.5	1.62	1.25	0.01	4.55	-79.39933816	36.8232585
53071	WA	Walla Walla County	60.338	138	0	12.7	102	21.5	1.3700000000000045	-118.50418373	46.300748
54033	WV	Harrison County	68.714	20.9	11.9	7.91	0.22	0	0.860000000000003	-80.39639843	39.2849865
55037	WI	Florence County	4.464	0.15	0	0.08	0.01	0	0.060000000000000026	-88.37540321	45.86718532
55075	WI	Marinette County	40.884	11.3	0	2.57	2.81	2.28	3.620000000000001	-88.15127039	45.3802955
01099	AL	Monroe County	21.673	53.1	0	2.31	0.57	49.4	0.8199999999999932	-87.38216303	31.5291065
08027	CO	Custer County	4.445	35.6	0	0.38	34.8	0	0.39000000000000057	-105.34413987	38.0770325
12113	FL	Santa Rosa County	167.04	19.9	0.55	15	1.38	2.03	0.9399999999999977	-87.02965618	30.6663415
42017	PA	Bucks County	627.367	241	75.2	98.6	0.91	52.6	13.42999999999995	-75.12821899	40.3274445
46023	SD	Charles Mix County	9.383	10.8	0	0.55	6.93	1.85	1.4299999999999997	-98.47493109	43.170946
47093	TN	Knox County	451.324	67.5	0	64.3	0.17	2.26	0.710000000000008	-83.89650217	35.990175
47167	TN	Tipton County	61.87	5.87	0	3.35	2.02	0	0.4999999999999991	-89.7601547	35.5091135
48023	TX	Baylor County	3.618	5.94	0	2.47	2.57	0	0.8999999999999995	-99.21365803	33.6037025
48057	TX	Calhoun County	21.895	17.3	0	0.25	3	13.1	0.9799999999999969	-96.59988999	28.394219
48201	TX	Harris County	4538.028	338	6.57	287	8.18	24.9	11.319999999999993	-95.38609475	29.8339205
48401	TX	Rusk County	53.07	1e3	977	5.77	0.12	0	18.58000000000004	-94.78707476	32.1258665
72121	PR	Sabana Grande Municipio	23.555	5.19	0	3.14	2.02	0	0.02999999999999936	-66.94990344	18.0872945
12083	FL	Marion County	343.254	57.1	0	27.7	15.7	0.22	13.490000000000002	-82.02266769	29.2374475
35029	NM	Luna County	24.518	109	1.11	2.99	103	0	1.480000000000004	-107.76400406	32.1873405
06093	CA	Siskiyou County	43.554	230	0	4.61	201	2.29	21.50999999999999	-122.54455823	41.5016145
23003	ME	Aroostook County	68.628	24.6	0.59	4.11	4.03	14	1.8999999999999986	-68.30422748	46.54175683
12105	FL	Polk County	650.092	219	13.8	67.5	91.1	29.5	16.97999999999999	-81.73817496	28.0026305
20093	KS	Kearny County	3.956	152	0	0.55	149	0	2.109999999999985	-101.32221243	37.9975355
22107	LA	Tensas Parish	4.74	26.6	0	1.16	24.3	0	1.0700000000000003	-91.30001239	31.991412
26055	MI	Grand Traverse County	91.636	13.6	0	7.33	1.54	0.59	4.119999999999999	-85.68869809	44.75113
36111	NY	Ulster County	180.143	419	0	394	2.34	0.22	22.379999999999995	-74.20286366	41.879244
37183	NC	Wake County	1024.198	103	26.3	56.7	9.28	0	10.319999999999993	-78.60906905	35.79848
42129	PA	Westmoreland County	357.956	32	0	24.2	1.37	0.21	6.27	-79.38602325	40.3616
51059	VA	Fairfax County	1142.234	1.44	0	0.06	1.07	0.03	0.28	-77.41333959	38.8381195
01013	AL	Butler County	20.154	4.06	0	2.28	0.99	0.2	0.5900000000000007	-86.67591869	31.741678
01015	AL	Calhoun County	115.62	30.7	0	25.2	3.15	1.15	1.1199999999999974	-85.84233544	33.7622645
22057	LA	Lafourche Parish	98.325	47.5	0	25.7	0.58	4.54	16.679999999999996	-90.3424397	29.503579
24023	MD	Garrett County	29.46	8.35	0	2.74	0	0.47	5.14	-79.2947767	39.462277
26071	MI	Iron County	11.348	1.37	0	1.26	0.09	0	0.020000000000000018	-88.55422826	46.14428292
27067	MN	Kandiyohi County	42.542	13	0.1	4.56	4.39	0.38	3.530000000000001	-95.00172822	45.1488025
27167	MN	Wilkin County	6.396	0.88	0	0.29	0.4	0	0.19000000000000017	-96.44029659	46.32609367
28051	MS	Holmes County	18.34	42	0	2.2	39.1	0.17	0.5	-90.07260729	33.128402
29013	MO	Bates County	16.446	4.68	0	1.21	2.56	0	0.9099999999999997	-94.34335365	38.2479245
29037	MO	Cass County	101.603	6.31	0.76	1.55	3.26	0.01	0.7299999999999995	-94.36408944	38.645451
30053	MT	Lincoln County	19.052	16.8	0	2.28	12.8	0.18	1.549999999999999	-115.44956155	48.4607846
35033	NM	Mora County	4.596	12.4	0	0.33	11.5	0	0.5500000000000007	-104.9415333	36.008023
38003	ND	Barnes County	11.099	1.85	0	1.15	0.35	0	0.3500000000000001	-98.06043633	46.936479
40055	OK	Greer County	6.07	8.47	0	1.46	6.62	0	0.3899999999999988	-99.51418216	34.9200865
40117	OK	Pawnee County	16.436	3.11	0	1.02	0.21	0	1.8800000000000003	-96.78044961	36.3603255
42043	PA	Dauphin County	272.983	92.7	33.3	31.5	0.74	21.4	5.860000000000014	-76.83710381	40.3906945
42097	PA	Northumberland County	93.246	31.1	13.8	11	0.54	2.22	3.5400000000000027	-76.69017401	40.88987
45015	SC	Berkeley County	202.786	514	422	70.3	0.05	11.7	10.030000000000086	-79.91053952	33.16346
45067	SC	Marion County	31.747	5.05	0	3.41	0.77	0	0.8700000000000001	-79.42245222	33.9975855
47009	TN	Blount County	127.253	15.8	0	13.9	0.31	0	1.5100000000000016	-83.90968588	35.677473
47129	TN	Morgan County	21.498	2.15	0	1.35	0	0	0.7999999999999998	-84.66560002	36.1433115
47187	TN	Williamson County	211.672	3.54	0	1.42	1.53	0	0.5899999999999994	-86.91536284	35.876954
48157	TX	Fort Bend County	716.087	890	800	55.9	22	1.24	11.25	-95.74630959	29.525428
48207	TX	Haskell County	5.737	36.8	0	0.14	35.1	0	1.5600000000000023	-99.73064632	33.149218
48327	TX	Menard County	2.164	4.46	0	0.37	3.74	0	0.34999999999999964	-99.80031547	30.866524
49017	UT	Garfield County	5.009	58.6	0	1.46	53.7	0	3.3599999999999923	-111.49872946	37.844646
51093	VA	Isle of Wight County	36.314	17.2	0	1.55	0.56	13.5	1.5699999999999967	-76.69048584	36.894243
53021	WA	Franklin County	88.807	384	0	16.3	362	1.64	3.990000000000066	-118.94253823	46.465942
72147	PR	Vieques Municipio	8.95	0.01	0	0	0	0	0.01	-65.45747429	18.1212055
01059	AL	Franklin County	31.696	8.37	0	5.94	0.84	0	1.5900000000000007	-87.84411404	34.45020799
02020	AK	Municipality of Anchorage	298.695	130	0	44.5	0.41	0.25	85.23999999999998	-149.19967412	61.109368
04021	AZ	Pinal County	406.584	1020	1.45	63.2	935	0.23	20.580000000000155	-111.49233456	32.9841675
05069	AR	Jefferson County	71.565	390	12.6	11.9	360	4.88	0.5499999999999545	-91.96161466	34.26137
05107	AR	Phillips County	19.513	266	0	6.1	260	0	0.1099999999999568	-90.82323562	34.382383
06041	CA	Marin County	261.221	70.8	0	28.2	41	0.2	1.4299999999999926	-122.73425728	38.06611517
06077	CA	San Joaquin County	726.106	1340	0	93.4	1190	22.9	30.31999999999971	-121.24757614	37.8916445
08001	CO	Adams County	491.337	170	2.9	78.9	87	0.26	1.2400000000000375	-104.16303517	39.871581
19081	IA	Hancock County	10.974	5.38	0	0.58	0.65	0.38	3.77	-93.73413602	43.0751375
21101	KY	Henderson County	46.407	17.2	5.3	8.68	2.67	0.27	0.3200000000000003	-87.57767495	37.807812
21183	KY	Ohio County	24.216	10.6	5.92	2.62	0.25	1.05	0.7800000000000011	-86.87467591	37.474075
21221	KY	Trigg County	14.233	3.03	0	2.09	0.71	0	0.22999999999999998	-87.90496746	36.8216935
22059	LA	LaSalle Parish	14.974	1.95	0	1.72	0.15	0	0.08000000000000007	-92.17998048	31.625446
23023	ME	Sagadahoc County	35.149	2.68	0	1.41	0.18	0.07	1.0199999999999998	-69.79271761	43.933688
26029	MI	Charlevoix County	26.238	18.9	0	2.66	0.21	14.6	1.4000000000000021	-85.05885494	45.2438135
08117	CO	Summit County	30.257	57.5	0	6.63	50.1	0	0.7899999999999991	-106.00346309	39.6414385
12007	FL	Bradford County	26.928	4.73	0	0.95	1.43	0	2.3499999999999996	-82.21516091	29.9300025
13031	GA	Bulloch County	72.651	11.1	0	4.77	4.93	0	1.3800000000000008	-81.72851198	32.4031085
13113	GA	Fayette County	110.714	11.7	0	9.46	0.66	0	1.5999999999999996	-84.5000617	33.403713
13151	GA	Henry County	217.739	38	0	34.1	1.55	0	2.3699999999999974	-84.11971899	33.4731995
13191	GA	McIntosh County	13.969	1.48	0	1.04	0.16	0.02	0.26	-81.42042289	31.4958405
17189	IL	Washington County	14.27	2.34	0	0.63	0.06	0	1.65	-89.42473328	38.3663625
18145	IN	Shelby County	44.478	10.4	0	5.66	0.86	0.16	3.7	-85.79120282	39.5241995
36113	NY	Warren County	64.688	39	0	11.6	0.25	26.1	1.1600000000000037	-73.90670373	43.5129735
37031	NC	Carteret County	68.879	10.7	0	6.97	2.72	0.04	0.9400000000000013	-76.54886946	34.8753705
37113	NC	Macon County	34.201	575	0	2.07	0.85	0	571.81	-83.47987806	35.161903
38035	ND	Grand Forks County	70.916	18.7	0	8.78	8.58	0	1.3399999999999999	-97.45925844	47.934929
39123	OH	Ottawa County	40.877	52.1	42	4.58	0.02	1.37	4.109999999999999	-83.20768877	41.540289
40101	OK	Muskogee County	69.699	33.7	11.2	1.15	9.7	9.94	1.6899999999999977	-95.42029577	35.5602365
27069	MN	Kittson County	4.424	1.96	0	0.56	1.17	0	0.22999999999999998	-96.77785186	48.770277
27107	MN	Norman County	6.678	0.92	0	0.29	0.28	0	0.35	-96.45162261	47.3248375
27145	MN	Stearns County	154.708	41.8	0	14.6	17.6	1.17	8.39	-94.64084604	45.5284405
28049	MS	Hinds County	242.891	57.5	1.62	50.5	0.44	2.6	2.299999999999997	-90.42523003	32.311197
29171	MO	Putnam County	4.858	2.02	0	0.25	0.28	0	1.49	-93.03400654	40.46658
30075	MT	Powder River County	1.773	81.7	0	0.08	78.8	0	2.8600000000000136	-105.61125023	45.3973995
32011	NV	Eureka County	2.016	207	7.61	0.32	122	0	77.70000000000002	-116.21942283999999	40.0823995
34033	NJ	Salem County	64.18	2870	2840	4.24	7.99	12.2	2.860000000000582	-75.30393175	39.5843065
02220	AK	City & Borough of Sitka	8.863	48.4	0	1.22	0	0.06	47.16	-135.58083896	57.684613
02261	AK	Valdez-Cordova Census Area	9.362	201	0	4.83	0	3.03	192.65999999999997	-143.97297825	61.5768845
04011	AZ	Greenlee County	9.529	17.9	0	1.7	9.4	0	6.770000000000001	-109.27132422	33.10014719
04023	AZ	Santa Cruz County	46.461	13.2	0	5.17	6.97	0	1.0799999999999983	-110.81202808	31.533204
05005	AR	Baxter County	41.053	4.75	0	3.46	0	0	1.29	-92.31723664	36.233099
05009	AR	Boone County	37.222	2.57	0	0.99	0	0	1.5799999999999998	-93.09341417	36.306311
05043	AR	Drew County	18.778	52.8	0	2.22	50.2	0	0.45000000000000284	-91.71461492	33.5825965
05049	AR	Fulton County	12.204	92.7	0	1.4	0.24	0	91.05000000000001	-91.80372719	36.372283
05053	AR	Grant County	18.102	1.7	0	1.01	0	0.27	0.41999999999999993	-92.44209137	34.2759635
05077	AR	Lee County	9.65	336	0	1.28	334	0	0.21999999999997044	-90.82278679	34.7672495
01017	AL	Chambers County	34.123	5.13	0	4.2	0.23	0	0.6999999999999993	-85.39515213	32.93060319
01021	AL	Chilton County	43.943	6.1	0	4.4	0.49	0.39	0.8199999999999994	-86.66473982	32.865174
01027	AL	Clay County	13.555	2.6	0	1.78	0.12	0	0.7000000000000002	-85.81549917	33.2952285
01029	AL	Cleburne County	15.018	1.89	0	0.48	0.14	0	1.27	-85.49255454	33.6961808
01037	AL	Coosa County	10.724	0.86	0	0.27	0.1	0	0.4900000000000001	-86.26092659	32.9258315
01039	AL	Covington County	37.835	10.3	1.14	4.09	3.46	0	1.5900000000000016	-86.44720333	31.2668475
01061	AL	Geneva County	26.777	8.87	0	1.78	5.47	0	1.620000000000001	-85.839104270000007	31.103713
01075	AL	Lamar County	13.886	2.16	0	1.42	0.24	0.1	0.3999999999999997	-88.09674542	33.7886765
01093	AL	Marion County	30.168	7.38	0	6.06	0.27	0	1.049999999999999	-87.9182063	34.118428
01103	AL	Morgan County	119.565	122	5.2	25.6	1.04	88.3	1.3700000000000045	-86.83492454	34.485689
01133	AL	Winston County	23.877	1.75	0	0.81	0.18	0	0.76	-87.3733329	34.1566585
02070	AK	Dillingham Census Area	4.997	0.35	0	0.25	0	0	0.09999999999999998	-158.10262444	59.7249035
02110	AK	City & Borough of Juneau	32.756	46.1	0	4.8	0.01	0.91	40.38	-134.34500266	58.3845835
02150	AK	Kodiak Island Borough	13.889	16.1	0	7.64	0	1.19	7.3100000000000005	-153.66071504	57.372295
08021	CO	Conejos County	8.13	311	0	3.38	294	0	13.600000000000023	-106.17076596	37.198244
08039	CO	Elbert County	24.735	18.6	0	0.85	15.1	0	2.5600000000000005	-104.1889165	39.197868
08073	CO	Lincoln County	5.557	6.07	0	0.78	4.54	0	0.7500000000000009	-103.44221068	39.0623565
08083	CO	Montezuma County	26.168	192	0	4.37	185	0	2.530000000000001	-108.6288183	37.3189925
08101	CO	Pueblo County	163.591	344	0	41.3	266	32.7	4.309999999999889	-104.55324991	38.1346205
08121	CO	Washington County	4.864	48.7	0	0.35	46.2	0	2.200000000000003	-103.13781003	40.0020205
08125	CO	Yuma County	10.146	331	0	1.42	323	0	6.649999999999977	-102.42267246	40.03380866
09005	CT	Litchfield County	183.603	24.4	0	10.2	0.72	8.95	4.539999999999999	-73.2602774	41.7668845
09013	CT	Tolland County	151.42	9.67	0	4.93	0.5	1	3.2399999999999984	-72.3189743	41.8109635
05101	AR	Newton County	7.913	0.37	0	0.02	0	0	0.35	-93.21485683	35.9247115
05105	AR	Perry County	10.189	1.96	0	0.06	1.46	0	0.43999999999999995	-92.88094647	34.943406
05115	AR	Pope County	63.39	963	950	11	0.53	0	1.4500000000000455	-93.07456905	35.408181
05129	AR	Searcy County	7.869	0.71	0	0.31	0	0	0.39999999999999997	-92.67958994	35.9164595
05135	AR	Sharp County	16.912	1.94	0	0.98	0	0	0.96	-91.51265912	36.196084
06013	CA	Contra Costa County	1126.745	257	18.5	140	87.1	3.34	7.860000000000042	-121.97716333	37.9098555
06021	CA	Glenn County	28.017	667	0	2.55	661	0.27	3.1800000000000637	-122.44070781	39.5900345
06025	CA	Imperial County	180.191	1920	14.6	24.5	1850	1.2	27.73999999999978	-115.35412054	33.025819
06061	CA	Placer County	375.391	196	0	54.1	133	1.92	6.78000000000003	-120.74323994	39.0140385
06031	CA	Kings County	150.965	685	0	29.1	637	3.08	15.749999999999886	-119.76883835	36.143712
06035	CA	Lassen County	31.345	112	0.38	3.8	88.7	0	19.28	-120.52870529	40.446083
06109	CA	Tuolumne County	53.709	26.8	0.07	5.47	3.15	1.53	16.55	-119.88327718	38.0327735
06075	CA	San Francisco County	864.816	68.4	0	67.5	0.58	0	0.25	-122.44571497	37.757919
08003	CO	Alamosa County	16.496	141	0	2.09	137	0	2.0400000000000205	-105.77568196	37.5506665
08015	CO	Chaffee County	18.658	140	0	3.96	115	0	21.210000000000008	-106.18275448	38.7406605
13063	GA	Clayton County	273.955	11.4	0	10.8	0.1	0	0.5299999999999994	-84.35205352	33.4990385
13069	GA	Coffee County	43.108	15.4	0	4.05	8.98	0.09	2.2499999999999982	-82.8436005	31.5953925
13083	GA	Dade County	16.264	2.25	0	2.02	0	0	0.22999999999999998	-85.51153162	34.80634683
13093	GA	Dooly County	14.035	16.6	0	2.28	13.8	0	0.5700000000000003	-83.82001657	32.1602285
13111	GA	Fannin County	24.303	46	0	1.75	0.02	0	44.22	-84.19824213	34.7910045
13117	GA	Forsyth County	212.438	28	0	20.6	0.44	0	6.91	-84.15064156	34.193186
12035	FL	Flagler County	105.392	25.1	0	9.17	13.6	0	2.3699999999999974	-81.30927054	29.465535
12059	FL	Holmes County	19.324	3.39	0	1.01	0.6	0	1.7800000000000002	-85.816315	30.850057
12087	FL	Monroe County	77.482	1.07	0	0	1.07	0	0	-81.50483632	24.679742
12109	FL	St. Johns County	226.64	64.4	0	16.8	43.1	0	4.530000000000001	-81.44914839	29.9357915
12111	FL	St. Lucie County	298.563	1560	1480	29.4	43.8	0	1.8800000000001091	-80.46790665	27.38707259
12115	FL	Sarasota County	405.549	32.5	0	20.2	10.3	0.36	1.7199999999999953	-82.27342587	27.1635265
13003	GA	Atkinson County	8.398	3.09	0	0.43	1.7	0.4	0.56	-82.84126582	31.301886
13023	GA	Bleckley County	12.243	6.83	0	0.2	6.04	0	0.589999999999999	-83.344830580000007	32.4284715
13037	GA	Calhoun County	6.479	17.6	0	0.44	16.8	0	0.3999999999999986	-84.63264091	31.537165
13053	GA	Chattahoochee County	11.368	0.92	0	0.31	0	0	0.6099999999999999	-84.80116377	32.377978
13059	GA	Clarke County	123.912	13.1	0	11.5	1.42	0	0.22000000000000064	-83.39802934	33.9443185
16019	ID	Bonneville County	110.089	817	0	36.6	772	3.25	5.920000000000073	-111.43366593	43.3409035
16023	ID	Butte County	2.501	194	0	1.43	191	0	1.1699999999999875	-113.08207249	43.7585815
16027	ID	Canyon County	207.478	976	0	15.9	918	12	30.440000000000055	-116.65208424	43.5845565
16037	ID	Custer County	4.087	145	0	0.95	83.6	0.03	60.55999999999999	-114.29335103	44.22409
16045	ID	Gem County	16.852	150	0	0.86	147	0.13	1.5800000000000125	-116.28583128	44.1563335
16051	ID	Jefferson County	27.157	627	0	1.07	620	2.06	3.92999999999995	-112.33614038	43.8453115
16065	ID	Madison County	38.273	370	0	3.39	364	1.48	1.2500000000000568	-111.69162279	43.7736765
16075	ID	Payette County	22.896	432	1.01	1.94	426	1.48	2.3700000000000045	-116.84359314	43.972639
17005	IL	Bond County	16.95	2.2	0	1.3	0.01	0	0.8900000000000001	-89.44668141	38.8833645
17011	IL	Bureau County	33.587	10	0	2.96	5.92	0.04	1.1000000000000014	-89.5108343	41.3671575
13145	GA	Harris County	33.381	6.94	0	6.26	0.03	0	0.6500000000000004	-84.89953527	32.7277315
13159	GA	Jasper County	13.635	1.87	0	0.75	0.37	0	0.7499999999999998	-83.69166242	33.331007
13169	GA	Jones County	28.494	4.51	0	2.73	0.16	0	1.6199999999999997	-83.55620465	33.0105525
13197	GA	Marion County	8.761	5.1	0	1.41	0.85	0.44	2.4	-84.52444426	32.3431195
13233	GA	Polk County	41.524	7.85	0	5.6	0.16	1.7	0.3899999999999997	-85.1823898	33.9980925
13239	GA	Quitman County	2.302	0.24	0	0.17	0.05	0	0.019999999999999962	-85.01851873	31.88106
13243	GA	Randolph County	7.193	19.1	0	0.88	17.8	0.17	0.21999999999999886	-84.78084364	31.774421
13257	GA	Stephens County	25.586	4.27	0	3.38	0.31	0	0.5800000000000005	-83.28020696	34.5737665
13287	GA	Turner County	8.214	12.6	0	0.79	11.5	0	0.3600000000000012	-83.62519246	31.710286
13295	GA	Walker County	68.066	8.26	0	6.62	0	0.63	1.0099999999999998	-85.32617483	34.786072
15003	HI	Honolulu County	998.714	619	361	169	83.7	0	5.590000000000032	-158.03682611	21.483621
16009	ID	Benewah County	9.052	11.4	0	0.52	10.3	0.05	0.47999999999999865	-116.68462854	47.2143985
17145	IL	Perry County	21.543	2.33	0	0.7	0.04	0	1.59	-89.35626373	38.0848445
17149	IL	Pike County	15.989	3.11	0	1.9	0.04	0	1.17	-90.91668339	39.6203015
17159	IL	Richland County	16.029	2.54	0	1.42	0.06	0	1.06	-88.09651775	38.7090175
17173	IL	Shelby County	21.775	3.71	0.13	1.65	0.1	0.01	1.82	-88.74773266	39.4338445
17177	IL	Stephenson County	45.749	8.26	0	3.85	0.22	1.74	2.450000000000001	-89.660492	42.3458365
17183	IL	Vermilion County	79.282	11.8	0	8.95	0.67	0.37	1.7799999999999994	-87.73621618	40.18450261
17187	IL	Warren County	17.527	3.75	0	2.75	0.1	0	0.8999999999999999	-90.61513882	40.85032
18003	IN	Allen County	368.45	48.3	0	35.7	0.28	0.63	11.649999999999999	-85.07021877	41.0932949
18031	IN	Decatur County	26.521	4.63	0	2.59	0	0	2.04	-85.49139112	39.283447
18037	IN	Dubois County	42.461	7.66	0	5.84	0.11	0	1.71	-86.87695969	38.3693505
18041	IN	Fayette County	23.434	3	0	2.42	0	0	0.5800000000000001	-85.16771631	39.6460965
18055	IN	Greene County	32.441	3.92	0	2.87	0.04	0.03	0.98	-86.96147539	39.0346035
18065	IN	Henry County	48.985	7.06	0	4.68	0.22	0.41	1.75	-85.38838456	39.929501
18075	IN	Jay County	21.121	5.39	0	1.52	0.09	1.33	2.4499999999999993	-85.00540617	40.43210307
17015	IL	Carroll County	14.616	6.04	0	1.03	1.13	2.74	1.1399999999999997	-89.92565981	42.06343609
17021	IL	Christian County	33.642	946	942	2.55	0.11	0	1.0400000000000773	-89.27957912	39.589135
17029	IL	Coles County	52.521	5.31	0	4.1	0.28	0	0.9299999999999997	-88.21704306	39.543379
17053	IL	Ford County	13.736	4.32	0	1.44	0.55	1.46	0.8699999999999992	-88.18050308	40.7010985
17059	IL	Gallatin County	5.265	11.6	0	3.25	7.4	0	0.9100000000000001	-88.21581743	37.744739
17063	IL	Grundy County	50.541	456	447	3.41	0.25	4.47	1.2899999999999636	-88.41798187	41.284582
17067	IL	Hancock County	18.543	3.26	0	1.32	0.38	0	1.56	-91.14054794	40.414683
17073	IL	Henry County	49.489	10.8	0	3.97	2.93	2.2	1.7499999999999982	-90.14502533	41.366148
17091	IL	Kankakee County	110.879	23.2	0	13.3	5.93	0	3.9700000000000024	-87.88436791	41.14444
17107	IL	Logan County	29.494	5.69	0	2.88	0.5	0	2.3100000000000005	-89.37366608	40.119907
17121	IL	Marion County	38.339	1.91	0	0.99	0.15	0	0.77	-88.91871359	38.65653
17131	IL	Mercer County	15.858	6.43	0	0.88	4.53	0	1.0199999999999996	-90.74977824	41.19550503
17135	IL	Montgomery County	28.898	430	425	2.69	0.24	0	1.839999999999975	-89.42087968	39.257896
18143	IN	Scott County	23.744	4.36	0	3.33	0	0	1.0300000000000002	-85.748189	38.6907035
18171	IN	Warren County	8.269	1.88	0	0.43	0.2	0.74	0.51	-87.38867977	40.3027106
18177	IN	Wayne County	67.001	11.3	0.09	5.01	0.27	4.37	1.58	-85.01703493	39.8631095
18181	IN	White County	24.293	7.24	0	0.97	1.57	0.01	4.69	-86.92348877	40.736927
19001	IA	Adair County	7.228	1.98	0	0.67	0.02	0	1.29	-94.47074592	41.330774
19007	IA	Appanoose County	12.529	11.9	0	6.65	0.02	0	5.199999999999999	-92.86798728	40.736261
19017	IA	Bremer County	24.722	3.99	0	1.51	0.21	0	2.2700000000000005	-92.31807701	42.76068
19025	IA	Calhoun County	9.818	3.55	0	1.02	0.16	0	2.37	-94.62715757	42.3843535
19049	IA	Dallas County	80.133	3.45	0	1.47	0.19	0.89	0.8999999999999999	-94.04742647	41.6829425
19055	IA	Delaware County	17.403	8.53	0	0.88	0.02	1.06	6.569999999999999	-91.36969807	42.4702685
19073	IA	Greene County	9.027	3.32	0	0.66	0.06	1.02	1.5799999999999998	-94.3968784	42.041816
19079	IA	Hamilton County	15.19	5.53	0	1.14	0.03	0.02	4.34	-93.69740297	42.3797425
19083	IA	Hardin County	17.367	9.25	0	1.47	0.01	1.93	5.84	-93.23260686	42.37592
18085	IN	Kosciusko County	78.62	22.7	0	3.33	7.32	4.86	7.140000000000001	-85.85356895	41.237459
18091	IN	LaPorte County	110.884	49.2	10.2	9.35	24.6	0.05	4.910000000000011	-86.72744684	41.504269
18095	IN	Madison County	129.723	19	0	15	0.16	0.64	3.210000000000001	-85.71936914	40.156074
18097	IN	Marion County	939.02	264	106	111	0.78	6.06	39.49999999999997	-86.13940643	39.781042
18099	IN	Marshall County	46.857	7.26	0	2.85	1.95	0.15	2.3100000000000005	-86.262156	41.330033
18101	IN	Martin County	10.226	1.17	0	0.63	0.04	0.06	0.43999999999999995	-86.80339076	38.7022905
18109	IN	Morgan County	69.648	57.6	37.8	10.5	0.03	2.47	6.709999999999994	-86.46936865	39.48677
18111	IN	Newton County	14.008	4.24	0	0.56	0.84	0	2.8400000000000003	-87.40128525	40.976497
18115	IN	Ohio County	5.938	1.07	0	0.74	0.24	0	0.09000000000000008	-84.94116588	38.965215
18119	IN	Owen County	20.872	2.51	0	1.4	0	0	1.1099999999999999	-86.86963124	39.3180045
18121	IN	Parke County	16.901	2.62	0	0.93	0.62	0.25	0.8200000000000001	-87.19248394	39.778963
18129	IN	Posey County	25.512	18.7	6.31	1	1.27	8.98	1.1799999999999962	-87.85929776	37.9939505
18133	IN	Putnam County	37.585	8.12	0	4.03	0	1.98	2.1099999999999994	-86.84977407	39.6667605
20087	KS	Jefferson County	18.93	2.61	0	1.2	0.93	0	0.48	-95.38487336	39.2306745
20089	KS	Jewell County	2.97	31.4	0	0.59	30.3	0	0.5500000000000007	-98.21863996	39.790401
20091	KS	Johnson County	580.159	13.6	0	11.5	1.71	0	0.33999999999999986	-94.83198286	38.90215015
20097	KS	Kiowa County	2.564	59.5	0	0.33	58.6	0	0.5	-99.28562789	37.558537
20101	KS	Lane County	1.67	12.9	0	0.27	11.5	0	1.120000000000001	-100.46657734	38.471233
20105	KS	Lincoln County	3.105	1.4	0	0.15	0.7	0.03	0.5199999999999999	-98.2069066	39.0452175
20109	KS	Logan County	2.825	7.96	0	0.58	6.89	0.01	0.4800000000000004	-101.14803099	38.929386
20111	KS	Lyon County	33.339	5.12	0	4.03	0.1	0	0.9899999999999993	-96.15218431	38.456155
20113	KS	McPherson County	28.941	32.4	0	4.33	24.6	2.45	1.0300000000000047	-97.64818472	38.391519
20125	KS	Montgomery County	33.314	12.9	0	5.17	0.21	6.7	0.7800000000000011	-95.74275424	37.1913865
20131	KS	Nemaha County	10.227	3.79	0	1.33	0.46	0	2	-96.01426161	39.780029
19097	IA	Jackson County	19.444	3.44	0	1.1	0.03	0	2.3099999999999996	-90.62889062	42.20702979
19103	IA	Johnson County	144.251	39.7	25.6	10	0.38	0	3.6899999999999977	-91.59983296	41.639363
19117	IA	Lucas County	8.682	1.25	0	0.47	0	0	0.78	-93.32764505	41.039304
19127	IA	Marshall County	40.746	10.1	0.25	5.01	0.02	1.39	3.4300000000000006	-92.999019	42.0459115
19131	IA	Mitchell County	10.832	7.21	0	0.75	0.23	0.99	5.239999999999999	-92.78914901	43.3621395
19141	IA	O'Brien County	13.984	7.39	0	2.31	0.11	1.02	3.9500000000000006	-95.62419101	43.0839225
19159	IA	Ringgold County	5.068	1.43	0	0	0.03	0	1.4	-94.24347666	40.760344
19165	IA	Shelby County	11.927	3.92	0	1.96	0.01	0	1.949999999999999	-95.32539959	41.6784185
19169	IA	Story County	96.021	11.1	0.96	8.42	0.1	0	1.660000000000002	-93.4652087	42.036972
19175	IA	Union County	12.469	6.28	0.03	4.15	0	0	2.0999999999999996	-94.2427107	41.0222985
19189	IA	Winnebago County	10.609	2.85	0	0.89	0.05	0.43	1.4799999999999995	-93.73410606	43.3683885
20001	KS	Allen County	12.717	2.39	0	1.78	0.01	0.11	0.49	-95.29953903	37.884309
20009	KS	Barton County	27.103	36.5	0.02	2.42	31.7	0.25	2.0400000000000063	-98.75675256	38.485838
20015	KS	Butler County	66.741	14.8	0	9.84	0.51	0.45	3.9800000000000004	-96.83951711	37.786631
20029	KS	Cloud County	9.219	10.7	0	0.89	9.16	0.02	0.6199999999999992	-97.64893215	39.4655245
20043	KS	Doniphan County	7.797	0.82	0	0.21	0.39	0	0.22000000000000008	-95.10796468	39.810094
20049	KS	Elk County	2.605	0.74	0	0.09	0	0	0.65	-96.24402433	37.452694
20053	KS	Ellsworth County	6.343	2.73	0	1.4	0.54	0	0.79	-98.20252328	38.689174
20057	KS	Ford County	34.536	85.2	0.27	6.79	70.6	4.53	3.030000000000001	-99.88694446	37.690948
20063	KS	Gove County	2.64	18.6	0	0.3	16.7	0.27	1.3200000000000038	-100.48319409	38.9159755
20073	KS	Greenwood County	6.244	1.96	0	0.63	0.02	0	1.31	-96.241874	37.888912
20077	KS	Harper County	5.817	3.27	0	0.86	1.32	0.02	1.0699999999999994	-98.07542678	37.193524
20085	KS	Jackson County	13.338	2.07	0	1.06	0.09	0.01	0.9100000000000001	-95.80283603	39.448568
37179	NC	Union County	222.742	17.2	0	6.57	3.12	2	5.459999999999997	-80.56285814	35.0110745
37189	NC	Watauga County	52.906	5.57	0	3.3	0.73	0	1.540000000000001	-81.70430263	36.251509
21227	KY	Warren County	122.851	19.4	0	17.5	0.67	0.08	1.2099999999999973	-86.40590312	36.9843545
22003	LA	Allen Parish	25.683	44.7	0	4.24	29.7	0.33	10.510000000000012	-92.78830775	30.657829
28091	MS	Marion County	25.563	4.86	0	3.62	0.16	0	1.08	-89.84280013	31.2157355
28095	MS	Monroe County	35.827	19.2	0	3.63	0.47	12.9	2.229999999999997	-88.47595721	33.87435938
28115	MS	Pontotoc County	30.908	5.7	0	3.45	1.78	0	0.46999999999999975	-89.03540539	34.2166635
31065	NE	Furnas County	4.862	37	0	0.58	34.8	0.51	1.1200000000000045	-99.91226804	40.1803995
31071	NE	Garfield County	2.028	20.6	0	0.18	18.4	0	2	-98.9915297	41.914192
31081	NE	Hamilton County	9.19	178	0	1.24	173	2.09	1.0399999999999636	-98.0182024	40.9342165
38007	ND	Billings County	0.936	2.37	0	0	0.28	0.01	2.08	-103.42038207	46.960336
38023	ND	Divide County	2.45	2.3	0	0	1.52	0.02	0.7600000000000002	-103.49427903	48.830489
38027	ND	Eddy County	2.365	2.05	0	0.98	0.46	0.05	0.5599999999999998	-98.91132492	47.701673
38045	ND	LaMoure County	4.125	5.03	0	0.01	4.53	0	0.4900000000000002	-98.53562057	46.4569955
38051	ND	McIntosh County	2.759	1.21	0	0.26	0.32	0	0.6299999999999999	-99.44159598	46.106465
22023	LA	Cameron Parish	6.817	34.2	0	1.5	22.7	8.85	1.1300000000000026	-93.2670032	29.821888
22031	LA	De Soto Parish	27.052	28.1	5.13	3.08	0.13	17.2	2.559999999999995	-93.78533415	32.094422
22041	LA	Franklin Parish	20.41	29.7	0	1.95	25.9	0.15	1.7100000000000009	-91.69955947	32.138672
28129	MS	Smith County	16.059	2.67	0	1.18	0.12	0	1.37	-89.48832058	32.0032155
28133	MS	Sunflower County	27.005	284	0	3.01	255	0.16	25.71999999999997	-90.55544894	33.630776
28153	MS	Wayne County	20.566	4.92	0	2.62	0.5	0	1.7999999999999998	-88.70305072	31.67593604
28159	MS	Winston County	18.317	2.54	0	2	0.05	0	0.48999999999999977	-89.06579809	33.09904
28161	MS	Yalobusha County	12.447	6.22	2.55	2.22	1.18	0	0.27000000000000135	-89.71690398	34.031042
31089	NE	Holt County	10.313	279	0	1.15	273	0.5	4.9500000000000455	-98.77515182	42.4855365
31095	NE	Jefferson County	7.263	81.6	0	1.11	79.2	0.03	1.2000000000000028	-97.14276379	40.175917
31109	NE	Lancaster County	306.468	10.3	1.4	1.52	6.06	0.15	1.1900000000000013	-96.68725838	40.784452
38061	ND	Mountrail County	10.331	5.72	0	0.52	0.31	1.76	3.13	-102.37513999	48.15698
38065	ND	Oliver County	1.846	487	480	0	5.64	0.58	1.3000000000000114	-101.35422447	47.137192
22047	LA	Iberville Parish	33.095	542	139	1.98	1.48	390	8.759999999999991	-91.31591168	30.261019
22071	LA	Orleans Parish	389.617	414	272	141	0.06	0.89	0.21999999999997044	-89.975265	30.034249
22081	LA	Red River Parish	8.593	4.68	0	1	2.48	0.42	0.7799999999999998	-93.31836915	32.0618595
22095	LA	St. John the Baptist Parish	43.626	79.8	0	7.45	0.16	72.1	0.09000000000000341	-90.53407117	30.0885475
22119	LA	Webster Parish	40.021	6.24	0	5.36	0	0.44	0.4399999999999995	-93.31576482	32.701685
29001	MO	Adair County	25.378	3.13	0	2.5	0.1	0	0.5300000000000002	-92.60090313	40.188823
29005	MO	Atchison County	5.306	15	0	0.49	14.2	0	0.33999999999999986	-95.41856203	40.4216895
29009	MO	Barry County	35.829	17.6	0	4.57	0.43	1.65	10.999999999999998	-93.82324393	36.710337
31119	NE	Madison County	35.039	18.2	0	4.94	8.59	2.46	2.2599999999999945	-97.60073038	41.916645
31123	NE	Morrill County	4.854	111	0	0.43	104	0.54	6.709999999999994	-103.00446515	41.7194525
31133	NE	Pawnee County	2.659	3.97	0	0.37	3.05	0	0.5499999999999998	-96.23702275	40.1420225
31137	NE	Phelps County	9.296	197	0	1.62	193	0	2.8400000000000034	-99.41179285	40.52126
38089	ND	Stark County	32.154	4.02	0	0	0.25	0.15	3.6199999999999997	-102.66390633	46.8134655
38095	ND	Towner County	2.272	0.37	0	0.19	0	0	0.18	-99.23171503	48.6852285
38101	ND	Ward County	71.275	9.77	0	6.87	0.75	0	2.1499999999999995	-101.46803953	48.3277235
38103	ND	Wells County	4.168	1.02	0	0.36	0.11	0	0.55	-99.64940376	47.5696
23011	ME	Kennebec County	119.98	12.3	0	6.15	0.47	0.41	5.28	-69.78809917	44.429215
23021	ME	Piscataquis County	16.931	1.68	0	0.88	0.13	0.17	0.4999999999999998	-69.27251394	45.792014
24009	MD	Calvert County	90.595	3330	3320	2.49	0.02	0.08	4.600000000000364	-76.59521955	38.543371
24019	MD	Dorchester County	32.384	19.2	0	2.65	13.6	0.88	2.1099999999999994	-76.07238383	38.4602865
25003	MA	Berkshire County	127.828	27.7	0.19	14.3	0.38	7.11	5.729999999999997	-73.20052958	42.39639798
29011	MO	Barton County	11.88	17.5	0	1.83	13	0	2.6800000000000015	-94.34720229	37.49924127
29017	MO	Bollinger County	12.182	9.07	0	0.16	7.86	0	1.0500000000000007	-90.00453841	37.317334
29021	MO	Buchanan County	89.1	44.2	42.7	0	0.52	0.72	0.21999999999999886	-94.80369547	39.676122
31153	NE	Sarpy County	175.692	35.3	0	30.6	3.98	0.05	0.6300000000000026	-96.10066839	41.0927384
31161	NE	Sheridan County	5.22	43.7	0	0.59	41.2	0	1.8499999999999943	-102.41980887	42.504531
31167	NE	Stanton County	5.937	19.6	0	0.36	17.9	0.05	1.3100000000000023	-97.19395493	41.91384
39001	OH	Adams County	28.024	494	491	2.05	0.01	0	0.6000000000000227	-83.47920216	38.827322
39007	OH	Ashtabula County	98.632	215	181	7.2	0.06	20.6	6.550000000000011	-80.76176712	41.734213
39009	OH	Athens County	65.886	8.8	0	7.51	0.02	0	1.2699999999999996	-82.07076318	39.366028
25007	MA	Dukes County	17.299	4.64	0	3.07	1.07	0	0.5	-70.61955843	41.3917655
25021	MA	Norfolk County	696.023	40.5	0	35.9	1.73	0.8	2.1099999999999994	-71.20290874	42.156483
26017	MI	Bay County	105.659	490	477	8.97	1.96	2.19	0.45999999999997954	-84.05628174	43.73594895
26023	MI	Branch County	43.664	24.5	0	2.77	19	0.42	2.25	-85.05888243	41.9195405
26027	MI	Cass County	51.657	36.4	0	1.15	30.7	1.09	3.520000000000003	-85.99181332	41.9112015
29035	MO	Carter County	6.263	1.08	0	0.46	0.28	0	0.3400000000000001	-90.95828425	36.9553015
29047	MO	Clay County	235.637	133	3.28	124	0.74	4.13	0.5400000000000205	-94.40634125	39.2813365
29061	MO	Daviess County	8.253	1.54	0	0.59	0.16	0	0.79	-93.98324257	39.9613515
29067	MO	Douglas County	13.373	55.1	0	0.56	0.42	0	54.120000000000005	-92.49904567	36.9289445
31177	NE	Washington County	20.248	492	464	12.2	14.8	0	0.8899999999999864	-96.26857518	41.536691
32009	NV	Esmeralda County	0.829	53.7	0	0.11	53.3	0	0.3100000000000023	-117.65625155	37.69317635
32013	NV	Humboldt County	17.019	470	4.43	3.57	441	0	20.879999999999995	-118.16167849	41.33221
39019	OH	Carroll County	27.811	2.94	0	0.84	0.04	0.02	2.04	-81.09213237	40.572978
39025	OH	Clermont County	201.973	48.2	27.5	18.5	0.17	0	2.020000000000003	-84.1687243	39.01953098
39053	OH	Gallia County	30.142	970	966	3.47	0	0	0.18999999999994088	-82.38717217	38.8119125
26037	MI	Clinton County	77.39	10	0	1.16	2.06	0.58	6.210000000000002	-84.60166348	42.9494355
26051	MI	Gladwin County	25.164	2.05	0	0.45	0	0.02	1.5799999999999998	-84.38622655	43.9667955
26061	MI	Houghton County	36.38	4.55	0	3.87	0.03	0	0.6500000000000008	-88.74221022	46.873027
29077	MO	Greene County	288.072	99.7	59.5	33.2	0.37	0.73	5.929999999999978	-93.33364209	37.256905
29081	MO	Harrison County	8.615	1.46	0	0.91	0.06	0	0.49	-93.9891399	40.358183
29085	MO	Hickory County	9.201	1.42	0	0.31	0.18	0	0.9299999999999999	-93.29080979	37.942038
32023	NV	Nye County	42.477	80	0	6.11	61.8	0	12.099999999999994	-116.53067653	37.605627
32510	NV	Carson City	54.521	17.4	0	11.5	5.88	0	0.07000000000000028	-119.72331247	39.1671455
33003	NH	Carroll County	47.285	6.88	0.3	3.45	0.39	0.17	2.5700000000000003	-71.27702715	43.88191193
39131	OH	Pike County	28.217	7.01	0	2.58	0.05	0	4.38	-83.0883974	39.0743425
39135	OH	Preble County	41.329	4.72	0	2.56	0.03	0	2.13	-84.64790669	39.7350897
39155	OH	Trumbull County	203.751	51.2	0	33.8	0.25	12.7	4.390000000000001	-80.76123528	41.32248364
39159	OH	Union County	54.277	8.7	0	1.17	0.19	3.38	3.960000000000001	-83.39603296	40.308976
26065	MI	Ingham County	286.085	103	75.2	26.1	0.62	0.09	1.049999999999983	-84.37362473	42.598191
26075	MI	Jackson County	159.494	23.5	0	10.8	5.49	0.61	6.600000000000005	-84.42390437	42.2484765
26079	MI	Kalkaska County	17.26	6.32	0	0.41	4.76	0	1.1499999999999995	-85.09155706	44.684951
26095	MI	Luce County	6.415	1.97	0	0.5	1.2	0.05	0.21999999999999997	-85.5519523	46.4621115
26119	MI	Montmorency County	9.259	1	0	0.12	0.17	0	0.71	-84.12986135	45.0259255
29105	MO	Laclede County	35.473	16.6	0	3.79	0.24	0	12.52	-92.60096471	37.6909745
29109	MO	Lawrence County	38.18	10.6	0	2.77	2.64	0.3	4.94	-93.83310566	37.1087585
29119	MO	McDonald County	22.643	6.99	0	1.86	0.35	3.09	1.6899999999999995	-94.34498075	36.62907839
33013	NH	Merrimack County	147.994	87.5	72.6	8.26	0.79	0.44	5.459999999999994	-71.67947701	43.3067575
34037	NJ	Sussex County	143.673	23.4	0	5.94	0.48	8.3	8.67	-74.70109296	41.127672
39013	OH	Belmont County	69.154	11.5	0.03	7.61	0.02	0	3.889999999999999	-80.98654445	40.01148141
39017	OH	Butler County	376.353	79.9	0.06	50.7	0.3	21.5	7.3300000000000125	-84.57693827	39.4480785
26131	MI	Ontonagon County	6.007	0.61	0	0.44	0	0	0.1700000000000001	-89.36409176	46.712699
26133	MI	Osceola County	23.058	4.43	0	1.37	0.68	0.45	1.9300000000000002	-85.32530047	43.9890225
26143	MI	Roscommon County	23.898	2.94	0	0.28	0.26	0	2.4	-84.61206534	44.347427
26149	MI	St. Joseph County	61.018	56.4	0	3.25	49	1.51	2.5900000000000034	-85.526359	41.9114715
29125	MO	Maries County	8.963	1.64	0	0.3	0.22	0.04	1.08	-91.90604701	38.1524995
29133	MO	Mississippi County	14.036	103	0	1.9	101	0	0.09999999999999432	-89.3310367	36.8247395
29149	MO	Oregon County	10.953	2.41	0	0.88	0.47	0	1.06	-91.39925317	36.6929355
35003	NM	Catron County	3.456	21.8	0	0.15	19.1	0	2.59	-108.38114643	33.89153857
35037	NM	Quay County	8.455	40.9	0	1.26	39.2	0	0.4000000000000057	-103.55433609	35.1689455
35047	NM	San Miguel County	27.967	36.9	0	2.19	33	0	1.6999999999999957	-104.73255931	35.4559535
39067	OH	Harrison County	15.45	2.72	0	0.6	0	0	2.1199999999999997	-81.10506103	40.2996815
39097	OH	Madison County	44.094	4.27	0	2.05	0.02	0	2.1999999999999997	-83.3989789	39.9032515
39107	OH	Mercer County	40.968	8.2	0	2.88	0.08	0.26	4.9799999999999995	-84.62893277	40.54049532
39121	OH	Noble County	14.326	2.33	0	1.04	0	0	1.29	-81.50724432	39.7638755
26155	MI	Shiawassee County	68.619	6.51	0	2.89	0.22	0.02	3.3799999999999986	-84.14771008	42.9493445
26159	MI	Van Buren County	75.077	156	125	3.55	17.3	0.99	9.45999999999998	-86.0633276	42.24858202
26165	MI	Wexford County	33.003	21.1	0	2.65	1.97	0.01	16.509999999999998	-85.57893277	44.338626
27001	MN	Aitkin County	15.702	5.41	0	0.27	4.1	0	1.04	-93.41641875	46.5914735
29167	MO	Polk County	31.229	5.33	0	1.31	1.56	0	2.46	-93.39546839	37.620399
29173	MO	Ralls County	10.196	2.26	0	0	1.32	0.17	0.7699999999999998	-91.5406177	39.502546
29177	MO	Ray County	22.81	11.7	0	2.36	8.93	0	0.39000000000000057	-93.98554696	39.3235955
35057	NM	Torrance County	15.485	43.7	0	1.76	40.9	0	1.0700000000000003	-105.87791531	34.6380835
35061	NM	Valencia County	75.737	140	0	4.94	130	0	4.46999999999997	-106.83512845	34.6902985
36033	NY	Franklin County	50.66	11.3	0	3.83	0.38	0.74	6.36	-74.25760018	44.560567
36051	NY	Livingston County	64.717	16.2	0	3.78	0.3	0.46	11.7	-77.78137855	42.730185
39073	OH	Hocking County	28.491	3.18	0	1.67	0	0.04	1.4699999999999998	-82.44988957	39.509778
39077	OH	Huron County	58.469	7.16	0	5.54	0.95	0	0.6700000000000008	-82.58799065	41.140976
39083	OH	Knox County	61.061	11.3	0	5.47	0.53	0	5.300000000000001	-82.41393935	40.41184
39091	OH	Logan County	45.386	7.03	0	2.8	0	0.43	3.8000000000000003	-83.76942863	40.3846405
27005	MN	Becker County	33.386	11.8	0	1.66	7.11	0	3.08	-95.66826869	46.9312535
27019	MN	Carver County	98.741	10.8	0	8.32	0.26	0.68	1.58	-93.76530596	44.8106605
27029	MN	Clearwater County	8.803	8.8	0	0.22	7.83	0	0.7499999999999982	-95.36894031	47.543085
29203	MO	Shannon County	8.258	1.17	0	0.44	0.06	0	0.6700000000000002	-91.34431559	37.153095
29223	MO	Wayne County	13.405	2.5	0	1.33	0.46	0	0.71	-90.50057902	37.1189415
29510	MO	St. Louis City	315.685	93.2	0	92.7	0	0	0.5300000000000011	-90.24100112	38.651628
30019	MT	Daniels County	1.76	6.72	0	0.21	6.24	0	0.2699999999999996	-105.52975715	48.737013
36057	NY	Montgomery County	49.642	4.6	0	2.61	0.15	0	1.839999999999999	-74.42013771	42.9095735
36067	NY	Onondaga County	468.463	80.2	0	58	1.6	0.2	20.33	-76.2027726	43.020816
36069	NY	Ontario County	109.561	51	0	46.5	0.68	0.01	3.8000000000000043	-77.28195293	42.806449
20159	KS	Rice County	9.977	24.1	0	1.16	20	1.26	1.7699999999999996	-98.20224957	38.333067
20169	KS	Saline County	55.691	10	0	5.9	3.53	0.02	0.5899999999999999	-97.65014914	38.7836925
20175	KS	Seward County	23.152	148	0.12	4.87	137	2.99	2.4499999999999886	-100.8514693	37.1845885
20183	KS	Smith County	3.704	3.19	0	0.49	2.05	0	0.6499999999999995	-98.78532537	39.7851515
20189	KS	Stevens County	5.806	187	0	1.37	183	0.85	1.4899999999999807	-101.31166472	37.170073
20193	KS	Thomas County	7.904	85.9	0	1.27	83.1	0.17	1.3599999999999994	-101.05605041	39.3358645
27033	MN	Cottonwood County	11.549	4.16	0	1.76	0.54	0.79	1.0699999999999994	-95.16079802	44.0216065
27043	MN	Faribault County	14.05	2.67	0	0.92	0.06	0.61	1.08	-93.94818078	43.689783
27071	MN	Koochiching County	12.841	43	0	0.71	0.56	41.3	0.44999999999999574	-93.75969541	48.2645625
30067	MT	Park County	15.972	284	0	2.42	280	0.1	2.2299999999999613	-110.50657062	45.600002
30095	MT	Stillwater County	9.486	134	0	0.38	132	0.04	1.7800000000000011	-109.21294739	45.651311
30101	MT	Toole County	5.087	20.8	0	1.21	18.9	0.02	0.6600000000000001	-111.73126138	48.6026915
36073	NY	Orleans County	41.582	5.17	0	1.64	2.31	0	1.2200000000000006	-78.22962559	43.2526975
36079	NY	Putnam County	99.042	8.66	0	2.82	0.26	0	5.58	-73.75467396	41.4217505
36097	NY	Schuyler County	18.186	12.1	0	0.83	0.13	0	11.16	-76.89573657	42.389821
21013	KY	Bell County	27.337	4.86	0	3.83	0.01	0	1.0199999999999996	-83.64393495	36.769373
21021	KY	Boyle County	29.809	6.6	0	5.58	0.24	0	0.7800000000000002	-84.86080477	37.624497
21041	KY	Carroll County	10.699	41.7	19.4	1.87	0.03	20.2	0.14999999999999858	-85.11114576	38.670858
27081	MN	Lincoln County	5.771	1.72	0	0.99	0.15	0	0.5800000000000001	-96.2656815	44.41405299
27091	MN	Martin County	20.022	9.14	3.7	1.61	0.11	1.2	2.5199999999999996	-94.55127848	43.674231
27095	MN	Mille Lacs County	25.788	2.07	0	0.43	0.2	0	1.44	-93.64305627	45.9011625
27109	MN	Olmsted County	151.436	17.2	0	12.9	0.23	1.27	2.8299999999999983	-92.37834819	44.009666
27125	MN	Red Lake County	4.055	2.22	0	0.64	1.32	0	0.2599999999999998	-96.09572129	47.862857
31003	NE	Antelope County	6.414	150	0	0.67	143	0	5.800000000000011	-98.06769033	42.17624
31023	NE	Butler County	8.115	33.4	0	0.68	31.4	0	1.3100000000000023	-97.13843526	41.2509445
31029	NE	Chase County	3.956	176	0	0.91	174	0	1.9300000000000068	-101.69787906	40.522496
31031	NE	Cherry County	5.848	69.1	0	0.61	61.6	0	6.880000000000003	-101.12490018	42.546106
36107	NY	Tioga County	49.453	6.51	0	3.45	0.55	0	2.5100000000000007	-76.31131178	42.204538
36121	NY	Wyoming County	41.013	8.64	0.04	3.26	1.6	0	3.7399999999999984	-78.20988334	42.696411
37141	NC	Pender County	57.611	10.9	0	2.77	4.67	0	3.49	-77.92083086	34.512529
21045	KY	Casey County	15.808	1.86	0	1.01	0.04	0	0.8099999999999998	-84.93373612	37.3268985
21075	KY	Fulton County	6.238	2.42	0	1.18	1.09	0	0.15000000000000036	-89.06052881	36.57518836
21083	KY	Graves County	37.421	10.7	0	2.62	2	3.77	2.3200000000000003	-88.6520667	36.721899
27133	MN	Rock County	9.6	3.38	0	1.51	0.12	0	1.7500000000000004	-96.25330843	43.67452466
27153	MN	Todd County	24.257	11.7	0	1.18	7.46	0.53	2.5100000000000016	-94.89698249	46.074065
27157	MN	Wabasha County	21.239	4.49	0	1.85	0.41	0.45	1.7799999999999998	-92.22770876	44.2806305
28013	MS	Calhoun County	14.717	3.77	0	2.28	1.13	0.06	0.2999999999999998	-89.32266247	33.9329005
31035	NE	Clay County	6.309	125	0	1.25	123	0	1.6700000000000017	-98.0513266	40.524428
31037	NE	Colfax County	10.52	30.2	0	1.11	24.3	2.56	2.270000000000003	-97.07926955	41.5597925
31039	NE	Cuming County	9.125	32.5	0	1.61	25.6	0	5.290000000000003	-96.78745789	41.9164405
31041	NE	Custer County	10.806	197	0	1.18	190	0	5.469999999999999	-99.7271979	41.393732
37001	NC	Alamance County	158.276	22.6	0	15.4	3.32	0.05	3.860000000000003	-79.40039026	36.051808
37007	NC	Anson County	25.759	15	0	8.8	2.8	0	3.3599999999999977	-80.09924812	35.008022
21103	KY	Henry County	15.62	0.77	0	0	0.35	0	0.42000000000000004	-85.14595416	38.4669225
21113	KY	Jessamine County	51.961	6.16	0	5.34	0.3	0	0.5199999999999996	-84.57184984	37.866645
21141	KY	Logan County	26.91	3.09	0	0	1.21	0.96	0.9199999999999999	-86.86121347	36.8657225
28023	MS	Clarke County	16.006	3.86	0	2	0.35	0	1.5100000000000002	-88.68611364	32.0012465
28037	MS	Franklin County	7.743	1.28	0	0.98	0.03	0	0.27	-90.89445755	31.4786875
28041	MS	Greene County	13.522	2.62	0	1.86	0.2	0.02	0.5400000000000005	-88.63912032	31.209785
31047	NE	Dawson County	23.886	211	0	5.97	200	0.66	4.609999999999985	-99.8250717	40.865041
31051	NE	Dixon County	5.797	19.3	0	0.75	16.4	1.01	1.0899999999999999	-96.86882981	42.4982515
37025	NC	Cabarrus County	196.762	23	0	17.5	1.96	0	3.5	-80.54643177	35.345509
37035	NC	Catawba County	155.056	859	848	4.29	3.35	0	3.6499999999999773	-81.20465726	35.686421
21137	KY	Lincoln County	24.463	3.33	0	2.11	0.11	0	1.1100000000000003	-84.65803889	37.4509825
21171	KY	Monroe County	10.667	2.47	0	1.41	0.04	0	1.0199999999999998	-85.71849936	36.728808
28047	MS	Harrison County	201.41	34.8	2.07	20.8	0.06	8.07	3.750000000000007	-89.11250232	30.4791915
28067	MS	Jones County	68.215	17.2	1.37	11.8	0.4	1.68	1.9900000000000002	-89.17160605	31.6385185
31053	NE	Dodge County	36.706	55.9	11.6	0.7	40.3	1.69	1.5600000000000023	-96.67513815	41.5679465
31055	NE	Douglas County	550.064	614	546	56.6	9.6	0.65	0.9700000000000273	-96.15020064	41.291948
37097	NC	Iredell County	169.866	22.8	0	11.5	5.7	0.1	5.41	-80.92125758	35.7739925
37169	NC	Stokes County	46.351	1270	1270	0.3	1.16	0	1.2100000000000364	-80.23985188	36.391407
21199	KY	Pulaski County	63.782	104	94.6	7.56	0.46	0.24	1.3500000000000085	-84.59650264	37.1114215
21213	KY	Simpson County	18.006	1.94	0	1.65	0.08	0.01	0.19999999999999996	-86.57077394	36.7655795
28071	MS	Lafayette County	53.154	7.35	0	5.28	0.6	0	1.4699999999999998	-89.48372714	34.357071500000004
28075	MS	Lauderdale County	78.524	11.9	0	11	0.11	0.14	0.7400000000000002	-88.66108685	32.42401083
28085	MS	Lincoln County	34.649	7.54	0	4.04	0.17	0.21	3.12	-90.43893803	31.5366045
72015	PR	Arroyo Municipio	18.546	1.31	0	0.48	0.83	0	0	-66.05423498	17.9971055
72019	PR	Barranquitas Municipio	29.323	4.49	0	4.34	0	0.02	0.1299999999999999	-66.30798053	18.202692
41011	OR	Coos County	63.121	25.7	0	5.05	18.7	0	2	-124.05882398	43.1485975
41025	OR	Harney County	7.2	422	0	1.72	418	0	1.6099999999999568	-119.08025793	43.021353
47139	TN	Polk County	16.773	2.1	0	0.87	0.03	0.18	1.02	-84.51107203	35.135755
47153	TN	Sequatchie County	14.811	6.33	0	0.81	0.01	0	5.510000000000001	-85.36867125	35.3571725
51075	VA	Goochland County	22.253	3.05	0	0.08	0.28	0	2.69	-77.96775598	37.7347605
72021	PR	Bayamon Municipio	189.159	1.09	0	0.73	0.07	0.05	0.24	-66.16858121	18.34407
72025	PR	Caguas Municipio	134.481	10.1	0	9.86	0.1	0.06	0.11999999999999922	-66.05676131	18.2125335
41027	OR	Hood River County	23.137	90.4	0	6.3	49.7	0	34.360000000000014	-121.67191119	45.4917
41049	OR	Morrow County	11.19	247	7.93	5.61	206	2.35	24.870000000000005	-119.57515948	45.473945
47169	TN	Trousdale County	8.042	1.16	0	0.93	0.03	0	0.20000000000000007	-86.14017533	36.390906
47177	TN	Warren County	40.435	7.14	0	4.77	1.93	0	0.4399999999999995	-85.79406182	35.6726255
48017	TX	Bailey County	7.21	58.5	0	6.18	49.1	0	3.220000000000006	-102.82947839	34.07056713
51079	VA	Greene County	19.162	1.54	0	0.63	0.04	0	0.87	-78.48004304	38.330438
51135	VA	Nottoway County	15.673	1.28	0	0.48	0.08	0	0.7200000000000001	-78.06948311	37.1382065
72027	PR	Camuy Municipio	32.995	0.62	0	0.52	0	0	0.10000000000000009	-66.86218577	18.4174025
72029	PR	Canovanas Municipio	46.972	5.36	0	5.32	0	0.01	0.03000000000000025	-65.88837148	18.333778
41059	OR	Umatilla County	76.531	326	1.53	28.2	292	0.1	4.169999999999959	-118.63141433	45.4976295
42001	PA	Adams County	102.295	19.7	0.07	12.4	0.95	1.03	5.220000000000001	-77.22597016	39.8942695
48045	TX	Briscoe County	1.505	15.2	0	0.19	14.8	0	0.240000000000002	-101.2084971	34.5323025
48049	TX	Brown County	37.896	7.92	0	0.06	6.77	0	1.0900000000000007	-98.95983945	31.7718075
48069	TX	Castro County	7.656	231	0	1.06	220	0.05	9.599999999999966	-102.26181201	34.530486
48093	TX	Comanche County	13.43	22	0	0.04	18.9	0	3.0600000000000023	-98.60213032	31.9743515
51197	VA	Wythe County	29.119	9.74	0	4.35	0.08	0	5.3100000000000005	-81.05603159	36.913282
51540	VA	Charlottesville City	46.597	0.44	0	0	0.03	0	0.4099999999999999	-78.47800851	38.0398735
51570	VA	Colonial Heights City	17.82	0.04	0	0	0	0	0.04	-77.39812797	37.2649245
72035	PR	Cayey Municipio	45.49	3.13	0	2.92	0	0.16	0.04999999999999982	-66.16417788	18.102961
72067	PR	Hormigueros Municipio	16.478	1.25	0	1.16	0	0.04	0.050000000000000044	-67.11291457	18.132205
42011	PA	Berks County	415.271	48.5	0	31.8	1.21	2.41	13.07	-75.92797199	40.403105
42019	PA	Butler County	186.818	14.9	0	7.66	0.8	0.98	5.469999999999999	-79.92614833	40.9162835
42053	PA	Forest County	7.41	2.4	0	0.41	0.04	0	1.9500000000000004	-79.23528364	41.4852035
48097	TX	Cooke County	39.229	11	0	4.19	0.57	0	6.260000000000001	-97.21446521	33.688086
48107	TX	Crosby County	5.977	41.8	0	1.51	33.7	0	6.590000000000003	-101.3000425	33.613185
48113	TX	Dallas County	2553.385	420	73.5	335	6.47	0.49	4.580000000000041	-96.777341	32.769029
51610	VA	Falls Church City	13.892	0	0	0	0	0	0	-77.17830689	38.885588
51630	VA	Fredericksburg City	28.118	0.8	0	0	0.02	0	0.78	-77.4858022	38.298367
51685	VA	Manassas Park City	15.726	0.18	0	0	0.05	0	0.13	-77.43624179	38.7715455
51720	VA	Norton City	3.939	0.53	0	0.53	0	0	0	-82.63565203	36.930655
51740	VA	Portsmouth City	96.201	64	2.72	60.8	0.11	0.29	0	-76.35018727	36.855448
72069	PR	Humacao Municipio	54.827	0.67	0	0	0.1	0.12	0.44999999999999996	-65.82078201	18.13633814
72079	PR	Lajas Municipio	23.935	14.7	0	4.32	9.92	0	0.4299999999999997	-67.03519748	18.004143
42073	PA	Lawrence County	88.082	59.7	46	10.1	0.34	0	3.239999999999995	-80.34184476	40.99074494
42083	PA	McKean County	42.412	11.5	0	6.77	0.13	2.78	1.8000000000000007	-78.57765783	41.7849675
42105	PA	Potter County	17.093	5.4	0	0.91	0.04	0	4.45	-77.90467041	41.772314
42115	PA	Susquehanna County	41.666	4.12	0	1.41	0.15	0	2.5599999999999996	-75.800573	41.814578
42121	PA	Venango County	53.119	6.98	0.55	4.68	0.11	0.22	1.42	-79.73884037	41.394987
48127	TX	Dimmit County	10.98	17.3	0	1.69	3.17	0	12.43	-99.75461964	28.3880585
48131	TX	Duval County	11.388	8.39	0	1.21	1.41	0	5.7700000000000005	-98.51744553	27.6801545
48143	TX	Erath County	41.122	13.6	0	2.21	5.48	0.03	5.899999999999999	-98.21504781	32.1945085
48145	TX	Falls County	17.142	9.44	0	2.29	5.18	0	1.9699999999999998	-96.94518378	31.2622215
48149	TX	Fayette County	25.11	15.7	9.82	2.56	0.42	0.19	2.6799999999999997	-96.92099374	29.886002
48161	TX	Freestone County	19.691	704	696	2.1	0.28	0.02	5.100000000000023	-96.15795785	31.7134915
48163	TX	Frio County	18.793	58.4	0.03	2.72	51.6	0	4.039999999999999	-99.10739575	28.8568985
51810	VA	Virginia Beach City	452.745	3	0	1.76	0.91	0.05	0.28000000000000025	-76.03463114	36.74258511
51830	VA	Williamsburg City	15.052	0.15	0	0	0.15	0	0	-76.69438286	37.278703
53013	WA	Columbia County	3.944	5.86	0	1	4.51	0.01	0.34000000000000075	-117.92678246	46.313355
53029	WA	Island County	80.593	9.15	0	6.49	1.38	0.01	1.2700000000000005	-122.49657068	48.164056
53035	WA	Kitsap County	260.131	28	0	19.6	2.09	0.14	6.129999999999999	-122.62969793	47.67217831
53041	WA	Lewis County	75.882	95.9	21.3	5.95	7.73	3.15	57.79999999999999	-122.38459603	46.588487
72041	PR	Cidra Municipio	41.225	4.28	0	4.13	0	0.04	0.10999999999999943	-66.15717547	18.181501
72043	PR	Coamo Municipio	39.862	2.03	0	0.84	0.92	0	0.27000000000000024	-66.35358205	18.0961915
44001	RI	Bristol County	49.084	0.27	0	0.01	0.11	0.06	0.09000000000000002	-71.26143493	41.709597
45001	SC	Abbeville County	24.932	3.37	0	1.97	0	0	1.3999999999999997	-82.47246375	34.2528845
48165	TX	Gaines County	20.051	339	0	8.21	279	0.28	52.35000000000002	-102.63507121	32.73412003
48179	TX	Gray County	23.21	30	0	1.24	25.1	0.25	3.379999999999999	-100.81247559	35.409859
48183	TX	Gregg County	124.108	41.4	12.2	7.13	0.02	0.6	21.409999999999997	-94.84440995	32.509154
48189	TX	Hale County	34.36	191	0	1.44	182	0.55	6.97999999999999	-101.82630672	34.0669595
48221	TX	Hood County	55.423	16.3	2.49	4.85	6.43	0.01	2.4799999999999986	-97.8151979	32.389314
53051	WA	Pend Oreille County	13.088	3.19	0	0.99	0.32	0.62	1.2599999999999998	-117.26808848	48.5343995
53059	WA	Skamania County	11.339	22.3	0	1.06	0.51	5.01	15.769999999999998	-121.92892564	45.9713515
54011	WV	Cabell County	96.844	13.7	0	12.2	0.15	0.74	0.6300000000000008	-82.27682174	38.41250292
54015	WV	Clay County	8.91	0.8	0	0.4	0	0	0.4	-81.06086445	38.462898
72047	PR	Corozal Municipio	35.037	4.19	0	4.1	0	0	0.08999999999999986	-66.32868551	18.3052625
72049	PR	Culebra Municipio	1.806	0	0	0	0	0	0	-65.28235351	18.31278204
45039	SC	Fairfield County	22.747	609	606	1.88	0	0	0.75	-81.07795611	34.373699
48227	TX	Howard County	37.206	33.6	0	0.03	3.3	0.29	30.029999999999998	-101.43390694	32.390257
48231	TX	Hunt County	89.844	9.2	2.89	4.87	0.18	0.09	1.17	-96.07941281	33.115713
48251	TX	Johnson County	159.99	19.4	0	10.3	0.47	0.12	8.430000000000001	-97.35095319	32.339406
54049	WV	Marion County	56.925	12.2	1.37	8.21	0.08	0	2.51	-80.26340963	39.5144085
54073	WV	Pleasants County	7.674	29.7	24.3	0.57	0.02	4.65	0.17999999999999972	-81.15573814	39.37258167
72055	PR	Guanica Municipio	17.386	8.76	0	2.53	6.2	0	0.02999999999999936	-66.91614882	17.9777095
72059	PR	Guayanilla Municipio	19.604	579	574	2.6	3.27	0	0.029999999999972715	-66.79550183	18.0440765
45081	SC	Saluda County	20.053	7.7	0	0.03	5.76	0	1.9100000000000001	-81.74653815	34.00149
46005	SD	Beadle County	18.372	13.1	0	2.29	8.39	1.18	1.25	-98.2772784	44.4031935
46011	SD	Brookings County	33.897	20.7	0	2.77	6.65	1.13	10.129999999999995	-96.79044762	44.369908
48275	TX	Knox County	3.86	27	0	0.14	25.9	0	0.9899999999999984	-99.73360722	33.60077
48279	TX	Lamb County	13.385	169	11	1.35	151	0	5.759999999999991	-102.35173184	34.0717285
48285	TX	Lavaca County	19.836	10.8	0	1.44	4.93	0.12	4.3	-96.90524035	29.3650375
48303	TX	Lubbock County	299.453	160	0	1.32	150	0.23	7.970000000000027	-101.82063097	33.615392
54097	WV	Upshur County	24.758	2.89	0	2.11	0.06	0	0.7200000000000002	-80.23325436	38.899625
54101	WV	Webster County	8.755	1.33	0	0.49	0	0	0.8400000000000001	-80.43532652	38.472712
55005	WI	Barron County	45.563	11.2	0.12	4.48	2.76	0.99	2.8200000000000003	-91.84856262	45.4266715
72061	PR	Guaynabo Municipio	90.879	5.17	0	5.1	0	0.07	0	-66.11580859	18.359776
72063	PR	Gurabo Municipio	47.265	2.71	0	2.65	0	0.01	0.04999999999999982	-65.97492459	18.2564585
46015	SD	Brule County	5.281	3.93	0	0.52	2.38	0	1.0300000000000002	-99.10099711	43.7181985
46035	SD	Davison County	19.858	2.86	0	1.92	0.51	0	0.4299999999999997	-98.14619767	43.677853
46039	SD	Deuel County	4.333	1.48	0	0.17	0.59	0	0.72	-96.66802874	44.761149
46049	SD	Faulk County	2.337	1	0	0.15	0.11	0	0.74	-99.14513267	45.0753375
48309	TX	McLennan County	245.671	48.7	0	41.4	4.37	0.51	2.4299999999999997	-97.2059381	31.559301
48337	TX	Montague County	19.262	9.17	0	1.07	0.28	0	7.82	-97.73190494	33.7128555
48355	TX	Nueces County	359.715	230	147	72.4	0.31	7.43	2.859999999999985	-97.66253737	27.7769095
55015	WI	Calumet County	49.762	16.4	0	10.9	0.06	0.3	5.090000000000002	-88.22361309	44.0687145
55021	WI	Columbia County	56.743	25.8	15.8	3.56	1.85	1.81	2.7200000000000024	-89.30340663	43.466023
55025	WI	Dane County	523.643	72.4	10.8	43.5	5.76	2.57	9.799999999999997	-89.42496873	43.05298
20141	KS	Osborne County	3.683	3.17	0	0.45	2.23	0	0.48999999999999977	-98.76816215	39.343356
39163	OH	Vinton County	13.048	0.9	0	0.18	0	0	0.72	-82.51514699	39.212176
39169	OH	Wayne County	116.063	15.8	0.14	8.06	0.19	1.26	6.1899999999999995	-81.88704729	40.833106
40007	OK	Beaver County	5.427	59.5	0	0.48	55.2	0.33	3.400000000000013	-100.47888187	36.7558335
46059	SD	Hand County	3.348	1.9	0	0.21	0.36	0	1.33	-99.00092823	44.542674
46063	SD	Harding County	1.267	1.59	0	0.03	0.71	0	0.8499999999999999	-103.49631828	45.606534
46073	SD	Jerauld County	1.997	2.83	0	0.54	1.72	0	0.5699999999999998	-98.62920271	44.0574755
46077	SD	Kingsbury County	4.99	3.32	0	0.22	1.96	0	1.1400000000000001	-97.49097964	44.369908
46087	SD	McCook County	5.599	1.5	0	0.71	0.05	0	0.74	-97.36796815	43.6744115
48365	TX	Panola County	23.766	15.5	0	1.15	1	0.9	12.48	-94.31141217	32.182826
48385	TX	Real County	3.307	0.74	0	0.35	0.18	0	0.20999999999999996	-99.8128306	29.852897
48399	TX	Runnels County	10.551	9.41	0	3.82	4.03	0	1.5600000000000005	-99.97658882	31.838832
48423	TX	Smith County	222.936	49.8	0	42.9	0.61	0.27	6.060000000000002	-95.24587213	32.411758
55039	WI	Fond du Lac County	101.973	16.2	0	7.93	1.48	1.78	4.99	-88.5228903	43.744466
55059	WI	Kenosha County	168.437	32.4	13.6	14.9	0.48	0.08	3.4400000000000013	-88.05879403	42.581107
55067	WI	Langlade County	19.223	24.6	0	1.16	17.5	0.15	5.780000000000001	-89.05226133	45.255997
40017	OK	Canadian County	133.378	13.4	0.2	4.24	4.36	0.09	4.529999999999998	-97.98883212	35.5236525
40021	OK	Cherokee County	48.447	12.4	0	7.4	3.46	0	1.5400000000000027	-95.042768	35.8993825
46089	SD	McPherson County	2.415	3.22	0	0.13	2.1	0	0.9900000000000002	-99.22134774	45.766246
46097	SD	Miner County	2.236	0.77	0	0.11	0	0	0.66	-97.61045185	44.015961
46099	SD	Minnehaha County	207.485	23.7	0	19.6	1.45	0	2.580000000000002	-96.7914279	43.6744115
46107	SD	Potter County	2.32	2.61	0	0.2	2.05	0	0.3599999999999999	-99.94708697	45.068487
48441	TX	Taylor County	136.051	2.65	0	0.46	1.04	0	1.15	-99.89003975	32.3066385
48451	TX	Tom Green County	118.105	50.2	0	1.16	45.1	0.46	3.539999999999999	-100.40221625	31.39215
48481	TX	Wharton County	41.486	140	1.58	3.69	126	0.02	8.370000000000005	-96.22140295	29.298108
48485	TX	Wichita County	131.705	22	0	0.81	11.4	0	9.849999999999998	-98.68830483	34.026171
55073	WI	Marathon County	135.868	64.3	10.2	11	4.71	32.7	5.6499999999999915	-89.76944652	44.8998975
55077	WI	Marquette County	15.075	9.8	0	0.16	5.91	0.34	3.389999999999999	-89.398102	43.8121365
55085	WI	Oneida County	35.567	27	0	2.03	12.5	10.1	2.350000000000005	-89.5451509	45.6861505
55089	WI	Ozaukee County	87.85	502	493	5.11	0.54	0.64	2.1499999999999773	-87.9589874	43.367598
40031	OK	Comanche County	124.648	31.8	0	21	0.79	0.36	9.720000000000002	-98.48406566	34.644932
40035	OK	Craig County	14.818	1.64	0	0.1	0	0	1.5399999999999998	-95.21555606	36.7535465
40041	OK	Delaware County	41.459	38.4	0	35.7	0	0	2.6899999999999977	-94.80522783	36.41778083
46109	SD	Roberts County	10.311	4.18	0	0.58	1.96	0.74	0.8999999999999995	-97.03957385	45.617126
46111	SD	Sanborn County	2.355	0.72	0	0.13	0	0	0.59	-98.09128582	44.017085
46121	SD	Todd County	9.959	14	0	0.42	12.8	0	0.7399999999999984	-100.72090454	43.199017
48489	TX	Willacy County	21.903	35.5	0	0.43	34.2	0	0.8999999999999986	-97.68669636	26.459191
48497	TX	Wise County	62.953	15	4.01	2.23	1.27	0.08	7.4399999999999995	-97.6554981	33.2111815
48507	TX	Zavala County	12.235	34.3	0	2.27	30	0.6	1.4299999999999997	-99.76229091	28.8687645
55105	WI	Rock County	161.448	29.3	1.69	16.7	7.39	0.62	2.919999999999998	-89.07203397	42.6699175
55119	WI	Taylor County	20.455	2.28	0	0.6	0.07	0.07	1.5400000000000003	-90.48556697	45.2066625
55123	WI	Vernon County	30.506	115	110	1.09	0.32	0.02	3.75	-90.7715333	43.57911814
40045	OK	Ellis County	4.231	14	0	0.65	11.7	0	1.6999999999999993	-99.79812116	36.2318295
40069	OK	Johnston County	10.98	10.2	0	1.98	2.65	0	5.6099999999999985	-96.67029007	34.3099745
40093	OK	Major County	7.771	26.7	0	5.52	19.3	0	1.9200000000000017	-98.53260943	36.3290265
46125	SD	Turner County	8.209	17.1	0	0.47	15.6	0.07	0.9499999999999993	-97.16229677	43.2931625
47039	TN	Decatur County	11.66	1.88	0	1.37	0.01	0.01	0.4900000000000002	-88.11238132	35.615233
49009	UT	Daggett County	1.109	20.1	0	0.55	19.4	0	0.120000000000001	-109.69759843	40.8428835
49021	UT	Iron County	48.368	176	0	9.76	162	2.51	1.5	-113.31380069	37.816753
49027	UT	Millard County	12.645	321	16.6	4.21	298	0.4	1.9500000000000455	-113.03153164	39.0890675
50009	VT	Essex County	6.163	0.68	0	0.25	0	0.01	0.41999999999999993	-71.73511532	44.68066
55127	WI	Walworth County	102.804	15.1	0	7.35	3.84	1.09	2.849999999999998	-88.54124498	42.6662935
56001	WY	Albany County	37.956	542	0	6.45	529	0.21	5.879999999999882	-105.67553212	41.699325
56005	WY	Campbell County	49.22	77.7	1.22	5.97	10.8	0.25	59.49999999999999	-105.55043599	44.2471265
56015	WY	Goshen County	13.383	671	0	1.85	667	0.07	1.67999999999995	-104.35335478	42.08802294
40103	OK	Noble County	11.554	22.4	20.7	0.28	0.02	0	1.4299999999999997	-97.24658993	36.379766
40107	OK	Okfuskee County	12.181	2.14	0	0.99	0.12	0.01	1.0199999999999998	-96.26449988	35.4647705
47043	TN	Dickson County	51.487	6.25	0	5.24	0.34	0	0.6699999999999999	-87.36110511	36.1460635
50019	VT	Orleans County	27.1	4.16	0	1.63	0.17	0.69	1.6700000000000004	-72.25699747	44.775305
50025	VT	Windham County	43.386	4.4	0	2.1	0.4	0.8	1.1000000000000005	-72.73406229	42.9952625
56019	WY	Johnson County	8.585	229	0	1.61	225	0.02	2.619999999999976	-106.56908716	43.9664725
56041	WY	Uinta County	20.822	388	0	3.9	383	0.2	0.8100000000000591	-110.54774421	41.32322353
56043	WY	Washakie County	8.328	269	0	0.09	265	0.11	3.0600000000000023	-107.66044333	43.835231
40121	OK	Pittsburg County	44.61	9.68	1.37	5.9	0.05	0.48	1.879999999999999	-95.79838042	34.947414
40127	OK	Pushmataha County	11.183	1.73	0	0.53	0.76	0	0.44000000000000017	-95.41296193	34.418466
47087	TN	Jackson County	11.509	1.09	0	0.56	0	0.02	0.51	-85.66570914	36.36223
47101	TN	Lewis County	11.854	1.59	0	1.31	0.03	0	0.25	-87.48659994	35.528448
51011	VA	Appomattox County	15.414	1.46	0	0	0.11	0	1.35	-78.79145588	37.3711225
51025	VA	Brunswick County	16.698	27	0	24.3	0.46	0	2.169999999999998	-77.84105261	36.8011405
51153	VA	Prince William County	451.721	89.4	0	79.7	1.03	0.09	8.579999999999984	-77.44395975	38.720791
51181	VA	Surry County	6.709	2020	2020	0.15	0.3	0	0.5699999999999363	-76.89673976	37.096712
72001	PR	Adjuntas Municipio	18.579	2.14	0	2.07	0	0	0.06999999999999984	-66.75246504	18.1811245
72005	PR	Aguadilla Municipio	55.804	5.74	0	3.83	1.6	0.11	0.1999999999999993	-67.11831809	18.4498175
40131	OK	Rogers County	90.802	85.6	8.69	72.7	1.74	0	2.4099999999999966	-95.62385964	36.33642
40151	OK	Woods County	9.304	8.61	0	0.74	5.08	0.01	2.7799999999999994	-98.79256578	36.695297
47115	TN	Marion County	28.487	4.73	0	3.42	0.02	0	1.2900000000000005	-85.62515504	35.1492075
47125	TN	Montgomery County	193.479	24.4	0	22.4	0.25	1.19	0.6099999999999959	-87.36973968	36.4764735
51043	VA	Clarke County	14.363	1.53	0	0.5	0.13	0	0.9	-77.97038374	39.122814
51049	VA	Cumberland County	9.719	0.85	0	0	0	0	0.85	-78.21911377	37.531612
72007	PR	Aguas Buenas Municipio	26.915	14.2	0	14.2	0	0	0.019999999999999574	-66.13025947	18.251406
72009	PR	Aibonito Municipio	24.04	2.54	0	2.35	0	0.02	0.16999999999999993	-66.26960475	18.1285005
72011	PR	Anasco Municipio	27.989	1.5	0	1.46	0	0	0.040000000000000036	-67.11552748	18.2835433
13035	GA	Butts County	23.593	2.99	0	2.74	0.25	0	0	-83.9480618	33.312462
13055	GA	Chattooga County	24.922	9.81	0	2.8	0	5.6	1.4100000000000001	-85.33703919	34.437934
72133	PR	Santa Isabel Municipio	22.517	19.4	0	5.12	14	0.03	0.21000000000000085	-66.39320721	17.989515
72135	PR	Toa Alta Municipio	74.368	61.7	0	61.6	0	0	0.030000000000001137	-66.24559845	18.357661
72137	PR	Toa Baja Municipio	82.065	0.23	0	0	0	0.23	0	-66.21372907	18.431514
08047	CO	Gilpin County	5.828	0.9	0	0.68	0	0	0.22000000000000008	-105.51522483	39.8418755
19015	IA	Boone County	26.643	3.89	0	2.39	0.02	0	1.4800000000000004	-93.93168028	42.036992
19019	IA	Buchanan County	21.062	4.83	0	1.2	0.01	0.46	3.16	-91.84505404	42.4760165
19033	IA	Cerro Gordo County	43.017	11.2	1.32	6.5	0.19	1.1	2.0700000000000003	-93.26071214	43.075405
21129	KY	Lee County	6.752	1.04	0	0.95	0.01	0	0.08000000000000007	-83.71428059	37.579043
21143	KY	Lyon County	8.306	3.35	0	2.67	0.56	0.01	0.10999999999999988	-88.08085199	37.024685
13057	GA	Cherokee County	235.9	22.4	0	19.3	2.19	0.01	0.860000000000003	-84.45603008	34.2441075
13065	GA	Clinch County	6.893	1.15	0	0.45	0.43	0.04	0.2300000000000001	-82.73109954	30.9059115
72139	PR	Trujillo Alto Municipio	69.615	75.6	0	75.6	0	0	0.010000000000005116	-66.0013141	18.337951
72145	PR	Vega Baja Municipio	54.792	4.63	0	4.38	0	0.03	0.21999999999999975	-66.39948742	18.416798
72149	PR	Villalba Municipio	23.697	30.6	0	30.6	0	0	0.019999999999999574	-66.47537067	18.129945
19039	IA	Clarke County	9.259	2.07	0	1.19	0	0	0.8799999999999999	-93.78567848	41.028452
19043	IA	Clayton County	17.644	7.34	0	0.73	0.04	0.37	6.199999999999999	-91.35262243	42.862146
19051	IA	Davis County	8.769	1.76	0	0	0	0	1.7599999999999998	-92.40856308	40.745901
19053	IA	Decatur County	8.22	1.51	0	0.55	0	0	0.9600000000000002	-93.78593188	40.7396155
21149	KY	McLean County	9.512	2.01	0	0.69	0.51	0	0.8100000000000003	-87.21168337	37.5321615
21173	KY	Montgomery County	27.608	3.46	0	3	0	0	0.45999999999999996	-83.92218014	38.050267
13067	GA	Cobb County	741.334	58.1	11.9	42.2	1.37	0.61	2.039999999999999	-84.58526714	33.911379
13081	GA	Crisp County	22.881	17.7	0	2.01	14.6	0.15	0.9600000000000009	-83.76602337	31.9178465
16021	ID	Boundary County	11.318	138	0	0.39	136	0.58	0.21000000000000796	-116.41721371	48.76033513
21093	KY	Hardin County	106.439	15.6	0	14.3	0.33	0	0.9100000000000001	-85.9422507	37.7224815
72153	PR	Yauco Municipio	37.679	6.48	0	4.2	2.17	0	0.11000000000000032	-66.86256177	18.062803
01053	AL	Escambia County	37.789	42.6	0	5	1.74	34	1.8299999999999983	-87.15810144	31.153152
19057	IA	Des Moines County	40.055	109	100	5.76	0.68	0.82	0.9899999999999949	-91.194744	40.88982079
19071	IA	Fremont County	6.906	2.06	0	0.5	0.86	0.29	0.41000000000000014	-95.63654036	40.7391965
19077	IA	Guthrie County	10.676	2.29	0	0.85	0.03	0	1.4100000000000001	-94.51225503	41.6778035
21201	KY	Robertson County	2.138	0.13	0	0	0.02	0	0.11	-84.06674968	38.5173445
21211	KY	Shelby County	45.632	4.39	0	2.93	0.71	0.06	0.6900000000000004	-85.20947442	38.202662
13085	GA	Dawson County	23.312	2.36	0	1.51	0.13	0	0.7199999999999998	-84.2276094	34.48608
13089	GA	DeKalb County	734.871	1.68	0	0	1.48	0	0.19999999999999996	-84.2203088	33.793806
22001	LA	Acadia Parish	62.577	282	7.92	5.62	163	0.58	105.50000000000003	-92.40148755	30.2650855
22085	LA	Sabine Parish	24.186	3.58	0	2.34	0	0.06	1.1800000000000002	-93.47690011	31.505998
26109	MI	Menominee County	23.548	3.65	0	1.07	0.02	1.31	1.2499999999999996	-87.53567411	45.5408905
01057	AL	Fayette County	16.759	3.05	0	1.7	0.37	0	0.9800000000000004	-87.73817535	33.7075335
01067	AL	Henry County	17.221	8.03	0	1.66	5.87	0	0.4999999999999991	-85.22866139	31.5428355
19085	IA	Harrison County	14.265	6.2	0	0.92	2.75	0	2.530000000000001	-95.83968206	41.68575593
19091	IA	Humboldt County	9.555	4.09	0	0.94	0.11	0	3.04	-94.20730228	42.7755735
19095	IA	Iowa County	16.401	2.79	0	1.05	0.04	0.18	1.52	-92.06700849	41.683347500000004
19099	IA	Jasper County	36.827	7.64	0	4.96	0.08	0	2.6000000000000005	-93.05745723	41.68627
21225	KY	Union County	15.05	8.3	0	1.87	1.19	0	5.24	-87.94662772	37.68573181
22049	LA	Jackson Parish	15.858	3.42	0	1.73	0	1.51	0.17999999999999927	-92.54383989	32.321498
13095	GA	Dougherty County	91.332	52.9	18.8	11.6	14.5	7.55	0.37000000000000455	-84.22196852	31.54297
13099	GA	Early County	10.575	128	0	1.21	21.6	104	0.6899999999999977	-84.86560859	31.29554
01077	AL	Lauderdale County	92.596	15.8	0	12.4	1.8	0	1.6199999999999992	-87.5849324	34.870954
01083	AL	Limestone County	91.663	2870	2850	11.5	9.75	0	1.6399999999998727	-87.03211479	34.775605
19119	IA	Lyon County	11.745	9.4	0	2.41	0.83	0	6.16	-96.19098196	43.3807935
19129	IA	Mills County	14.844	2.24	0	0.87	0.4	0.27	0.7000000000000002	-95.6218525	41.031099
22089	LA	St. Charles Parish	52.812	2400	1790	9.09	0.05	596	0.03999999999996362	-90.40277595	29.9309745
22121	LA	West Baton Rouge Parish	25.49	12.4	0	7.21	1.98	1.41	1.8200000000000003	-91.33673444	30.4879915
23019	ME	Penobscot County	152.692	28.3	0.64	4.79	1.44	12.6	8.820000000000004	-68.43198659	45.518449
13101	GA	Echols County	4.04	1.87	0	0.05	1.5	0	0.32000000000000006	-82.94610861	30.732043
13109	GA	Evans County	10.787	5.48	0	0.54	2.73	1.73	0.4800000000000004	-81.88884198	32.163225
12023	FL	Columbia County	68.348	9.46	0	3.27	2.13	0	4.0600000000000005	-82.62620673	30.2148115
26103	MI	Marquette County	67.215	262	194	5.16	0.17	18.6	44.49000000000001	-87.61659313	46.450355
47063	TN	Hamblen County	63.402	9.67	0	9.18	0.19	0	0.3000000000000007	-83.27048478	36.213589
01111	AL	Randolph County	22.696	2.65	0	1.22	0.14	0	1.29	-85.45937681	33.293091
01125	AL	Tuscaloosa County	203.976	42	0	31.4	5.66	2.2	2.730000000000004	-87.50008495	33.3137995
02013	AK	Aleutians East Borough	3.341	2.77	0	1.22	0	0.48	1.07	-164.03947102	54.721258
19133	IA	Monona County	8.979	12.1	0	0.82	7.66	0	3.58	-95.95186508	42.0390595
19149	IA	Plymouth County	24.8	10.4	0	3.34	0.52	0.71	5.829999999999998	-96.2496738	42.73548538
25013	MA	Hampden County	470.69	51.2	0.75	45.4	0.95	0.96	3.1200000000000045	-72.62935149	42.172477
26001	MI	Alcona County	10.349	6.08	0.43	0.06	0.12	0	5.47	-83.58348655	44.6841818
13115	GA	Floyd County	96.504	258	211	11.8	1.59	23	10.889999999999986	-85.19404213	34.335032
13123	GA	Gilmer County	29.4	7.23	0	2.5	0.21	2.48	2.040000000000001	-84.45424572	34.7060425
02060	AK	Bristol Bay Borough	0.892	2.1	0	0.07	0	2	0.03000000000000025	-156.69070767	58.752108
02068	AK	Denali Borough	1.919	32.6	32.5	0.04	0.02	0	0.10999999999999943	-149.91769507	63.566561
02188	AK	Northwest Arctic Borough	7.752	5.45	0	0.57	0	0	4.879999999999999	-157.96359309	66.8642745
02230	AK	Skagway Municipality	1.057	0.32	0	0.24	0	0	0.08000000000000002	-135.33606218	59.5935535
02275	AK	City & Borough of Wrangell	2.382	0.65	0	0.64	0	0	0.010000000000000009	-131.67497463	56.2700335
19153	IA	Polk County	467.711	58.9	0	56.1	0.49	0	2.289999999999999	-93.58145001	41.6726
19167	IA	Sioux County	34.937	25.4	0	9.13	3.06	0	13.189999999999998	-96.15731656	43.0855115
19171	IA	Tama County	17.337	5.65	0	2.66	0.01	1.47	1.5100000000000007	-92.53288849	42.086192
26005	MI	Allegan County	114.625	30.9	0	4.03	14.7	3.22	8.970000000000002	-85.88464354	42.59392437
26009	MI	Antrim County	23.154	40.4	0	1.19	9.1	0.01	30.050000000000004	-85.11355341	45.01000023
13125	GA	Glascock County	3.065	0.32	0	0.07	0	0.02	0.22999999999999998	-82.62353299	33.223559
13129	GA	Gordon County	56.574	13.2	0	10.4	1.17	0	1.5899999999999999	-84.87197984	34.506751
04003	AZ	Cochise County	126.427	241	3.52	16.2	218	0.02	3.590000000000032	-109.74973446	31.887952
04017	AZ	Navajo County	108.277	51.4	12	14.5	10.4	0.23	14.230000000000004	-110.29721786	35.273132
05021	AR	Clay County	15.109	833	0	0.91	830	0	2.1299999999999955	-90.41335091	36.349816
05023	AR	Cleburne County	25.467	11.8	0	11.2	0	0	0.6199999999999992	-92.02122653	35.536018
19177	IA	Van Buren County	7.344	1.33	0	0	0	0	1.33	-91.94853658	40.758701
19181	IA	Warren County	48.626	1.61	0	1	0.11	0	0.4999999999999998	-93.5592395	41.3360525
19185	IA	Wayne County	6.385	2.04	0	0	0	0	2.04	-93.32696191	40.7357865
19187	IA	Webster County	37.071	19.7	0	11	0.04	2.28	6.359999999999999	-94.16457192	42.4199675
06019	CA	Fresno County	974.861	1820	0.02	157	1620	10.5	39.93000000000029	-119.6363533	36.7461035
08077	CO	Mesa County	148.513	851	0	17.5	757	1.72	74.43000000000006	-108.58438307	38.9338215
12095	FL	Orange County	1288.126	246	0.73	222	18.4	1.1	3.819999999999993	-81.29531022	28.568019
26011	MI	Arenac County	15.261	43	0	42.2	0.24	0	0.6199999999999974	-83.92211892	44.03759082
26021	MI	Berrien County	154.636	2130	2100	12.4	11.8	0.8	3.7499999999995453	-86.38879499	42.0031
13161	GA	Jeff Davis County	14.92	4.12	0	0.9	2.33	0.1	0.79	-82.66569138	31.821741
13167	GA	Johnson County	9.656	2.16	0	0.53	0.98	0	0.6500000000000001	-82.64211875	32.667447
05031	AR	Craighead County	104.354	511	0	14.1	496	0	0.6099999999999568	-90.66033007	35.8427465
05037	AR	Cross County	17.284	596	0	1.81	593	0.13	0.3300000000000409	-90.77210856	35.3027445
05047	AR	Franklin County	17.702	7.64	3.57	3	0.01	0	1.0599999999999987	-93.87415604	35.486821
20021	KS	Cherokee County	20.533	3.35	0.51	1.83	0.45	0.14	0.4200000000000004	-94.84628532	37.1674965
20023	KS	Cheyenne County	2.679	50.6	0	0.47	49	0	1.0799999999999983	-101.73079854	39.77836242
20027	KS	Clay County	8.347	12	0	0.88	10.4	0	0.6999999999999993	-97.16518895	39.342662
20035	KS	Cowley County	35.788	7.83	0	5.4	1.47	0	0.96	-96.83748836	37.233496
12119	FL	Sumter County	118.891	36	0	24.1	7.25	0.52	4.090000000000003	-82.10585576	28.6330865
13183	GA	Long County	17.731	1.76	0	0.51	0.05	0	1.2	-81.79704399	31.778071
26043	MI	Dickinson County	25.788	24.3	0	2.35	0.16	21.4	0.42999999999999616	-87.86730493	45.972636
26049	MI	Genesee County	410.849	13.8	0.1	4.22	0.34	0.02	9.09	-83.69322759	43.0048175
13177	GA	Lee County	29.202	30.5	0	1.87	27.3	0	1.3499999999999979	-84.13661931	31.7685815
54001	WV	Barbour County	16.704	3.35	0	1.45	0.02	0	1.8800000000000001	-80.0273714	39.1254985
21205	KY	Rowan County	23.892	6.28	0	6.03	0.04	0	0.20999999999999996	-83.44237638	38.207042
53047	WA	Okanogan County	41.516	65.2	0	6.05	48.9	1.5	8.670000000000009	-119.73881541	48.47071
21165	KY	Menifee County	6.358	1.35	0	1.08	0.11	0	0.16000000000000014	-83.61122855	37.938323
12031	FL	Duval County	913.01	800	653	109	8.57	16.9	12.850000000000023	-81.68069498	30.3475295
05051	AR	Garland County	97.177	18.6	0	16.1	0	1.74	0.7899999999999991	-93.10602061	34.5837855
05055	AR	Greene County	44.196	377	0	4.42	356	0.04	16.569999999999936	-90.52850455	36.115887
20041	KS	Dickinson County	19.303	5.88	0	1.93	2.53	0.01	1.4100000000000001	-97.14938443	38.87286
20177	KS	Shawnee County	178.725	21.2	1.62	14.3	1.44	3.57	0.22000000000000242	-95.72408935	39.0402575
26081	MI	Kent County	636.369	27.8	0.34	9.01	6.23	1.06	11.119999999999997	-85.55041187	43.0344885
27007	MN	Beltrami County	45.672	7.16	0	1.45	3.24	0.05	2.419999999999999	-94.84093189	47.9749415
08089	CO	Otero County	18.343	354	0	3.99	349	0	1	-103.72942297	37.8917195
72083	PR	Las Marias Municipio	8.881	1.63	0	1.61	0	0	0.020000000000000018	-66.98247439	18.238315
72085	PR	Las Piedras Municipio	38.29	5.93	0	5.75	0	0.07	0.11000000000000032	-65.86209299	18.1969595
05065	AR	Izard County	13.445	1.38	0	0.79	0	0	0.5900000000000001	-91.89595587	36.062776
05071	AR	Johnson County	26.141	5.49	0	4.79	0.01	0	0.6900000000000004	-93.46317805	35.535376
20197	KS	Wabaunsee County	6.951	2.93	0	0.54	1.55	0	0.8400000000000003	-96.22418434	38.9751225
20209	KS	Wyandotte County	163.369	213	150	62.2	0.26	0.06	0.19999999999998863	-94.75795197	39.1038325
09003	CT	Hartford County	895.841	260	71.6	59.2	4.09	106	19.310000000000002	-72.7445398	41.794571500000004
09015	CT	Windham County	116.573	27.4	0.43	7.71	0.56	7.05	11.669999999999998	-71.97833088	41.8217765
72089	PR	Luquillo Municipio	19.004	2.14	0	2.12	0	0.01	0.009999999999999787	-65.71634182	18.340428
72093	PR	Maricao Municipio	5.903	1.5	0	1.47	0	0.03	0	-66.9535612	18.172972
05079	AR	Lincoln County	13.82	267	0	0.51	265	0	1.0199999999999818	-91.7093642	33.9812485
05083	AR	Logan County	21.714	4.88	0	3.39	0	0	1.4900000000000007	-93.65409887	35.2226045
21015	KY	Boone County	127.712	18.7	13.4	0.04	0.31	1.56	3.370000000000001	-84.72077717	38.9647705
21019	KY	Boyd County	48.325	39.9	0	11.1	0.01	28.7	0.10000000000000142	-82.70008715	38.37080378
12011	FL	Broward County	1896.425	662	380	234	47.8	0.1	0.7699999999998681	-80.48944712	26.15266539
12015	FL	Charlotte County	173.115	22.6	0	7.51	14.2	0	0.8599999999999994	-81.83051327	26.9017585
72095	PR	Maunabo Municipio	11.315	2.11	0	1.4	0.7	0	0.009999999999999787	-65.91716903	18.0214645
72101	PR	Morovis Municipio	31.866	3.68	0	3.61	0	0	0.06999999999999984	-66.41223742	18.317389
05089	AR	Marion County	16.185	1.65	0	0.81	0	0	0.8400000000000001	-92.70999765	36.280359
05123	AR	St. Francis County	26.589	368	0	3.84	364	0	0.29000000000002046	-90.72369159	35.015619
21039	KY	Carlisle County	4.874	0.86	0	0.14	0.27	0	0.45000000000000007	-88.97122616	36.864755
12021	FL	Collier County	357.305	202	0	51.8	142	0	7.3700000000000045	-81.34546624	26.16409291
12063	FL	Jackson County	48.599	74	40.4	2.46	24.5	0.01	6.640000000000001	-85.17649502	30.7817735
72103	PR	Naguabo Municipio	26.632	12.9	0	12.8	0	0	0.13000000000000078	-65.75787895	18.2347455
72105	PR	Naranjito Municipio	29.181	0.77	0	0.69	0	0	0.07999999999999996	-66.24868459	18.28948
05127	AR	Scott County	10.513	2.55	0	1.55	0.05	0	0.9500000000000002	-94.07843093	34.88576304
05137	AR	Stone County	12.456	2.31	0	1.77	0.04	0	0.5	-92.21915266	35.918192
21047	KY	Christian County	73.309	15.4	0	12.2	1.62	0.53	1.0300000000000011	-87.47925684	36.9028265
21077	KY	Gallatin County	8.636	2.01	0	0.6	0.02	1.3	0.08999999999999986	-84.89642412	38.74333033
12067	FL	Lafayette County	8.663	10.6	0	0.17	7.1	0	3.290000000000001	-83.19785241	30.042512
12081	FL	Manatee County	363.369	104	0.16	42.8	54.8	0.25	6.1299999999999955	-82.36908464	27.4293665
72111	PR	Penuelas Municipio	21.731	15.9	13	2.59	0.26	0	0.019999999999999574	-66.72084523	18.0556915
72117	PR	Rincon Municipio	14.551	0.98	0	0.95	0	0	0.030000000000000027	-67.2320652	18.3363035
05141	AR	Van Buren County	16.771	2.59	0	2.19	0	0	0.3999999999999999	-92.52849991	35.5766495
06049	CA	Modoc County	8.965	174	0	0.6	171	0	1.6000000000000227	-120.72383041	41.58829045
06087	CA	Santa Cruz County	274.146	58.6	0	18.4	31.3	6.85	2.009999999999998	-122.03212929	37.068426
06103	CA	Tehama County	63.308	539	0	5.26	269	1.79	262.77	-122.21216383	40.125723
06111	CA	Ventura County	850.536	313	61.8	130	85.1	10.2	25.78000000000003	-119.0834676	34.4705965
08009	CO	Baca County	3.615	127	0	0.45	125	0	0.8199999999999932	-102.56272616	37.3310515
08011	CO	Bent County	5.83	169	0	0.81	168	0	0.6199999999999761	-103.06983323	37.8923455
21081	KY	Grant County	24.757	2.14	0	1.7	0.02	0.02	0.40000000000000013	-84.63821055	38.640815
21087	KY	Green County	11.01	3.28	0	0.84	0.03	0	2.4099999999999997	-85.55436519	37.2912495
12099	FL	Palm Beach County	1422.789	1340	495	239	599	0.17	7.809999999999718	-80.46139341	26.640202
13011	GA	Banks County	18.495	4.15	0	2.61	0.13	0	1.4100000000000006	-83.52133276	34.345013
72123	PR	Salinas Municipio	29.351	484	470	3.08	11.6	0	0.03000000000002956	-66.27076259	18.0043965
72129	PR	San Lorenzo Municipio	38.721	5.14	0	5.09	0	0	0.04999999999999982	-65.97545018	18.1521565
01001	AL	Autauga County	55.347	56.4	11.9	3.64	3.52	34.8	2.5900000000000105	-86.65124475	32.5079695
02130	AK	Ketchikan Gateway Borough	13.709	48.1	0	5.7	0	0.91	41.510000000000005	-130.49788286	55.562877
08014	CO	Broomfield County	65.065	7.05	0	5.67	1.38	0	0	-105.03558263	39.966871
08017	CO	Cheyenne County	1.829	30.4	0	0.36	29.4	0	0.7399999999999984	-102.60463592	38.8243175
08041	CO	El Paso County	674.471	104	2.56	88.4	8.58	0	4.659999999999997	-104.56284275	38.8290105
37185	NC	Warren County	20.155	1.71	0	0.05	0.89	0	0.7699999999999999	-78.10308707	36.3717525
37187	NC	Washington County	12.385	5.26	0	0.79	3.25	0	1.2200000000000006	-76.57694401	35.8413615
21035	KY	Calloway County	38.343	6.99	0	3.47	1.72	0.93	0.8699999999999992	-88.26986588	36.6212025
21053	KY	Clinton County	10.174	4.33	0	3.75	0.15	0	0.43000000000000016	-85.12581525	36.7501265
21073	KY	Franklin County	50.375	18.5	0	16.1	0.25	0.26	1.8499999999999979	-84.86675895	38.243761
21169	KY	Metcalfe County	9.909	0.77	0	0	0.05	0	0.72	-85.62290583	37.000859
16067	ID	Minidoka County	20.461	828	0	2.81	817	4.3	3.5700000000001637	-113.5635248	42.867356
16071	ID	Oneida County	4.281	737	0	0.72	735	0	0.9999999999998863	-112.54303797	42.249014
18077	IN	Jefferson County	32.416	1190	1190	5.63	0	0	0.3999999999998636	-85.4431631	38.758084
18127	IN	Porter County	167.688	749	207	15.8	1.47	521	3.990000000000123	-87.07495172	41.4599015
18131	IN	Pulaski County	12.889	10.1	0	0.38	4.51	0.19	5	-86.69918574	41.040945
18139	IN	Rush County	16.672	2.62	0	0.99	0.05	0	1.58	-85.46621239	39.6175095
37191	NC	Wayne County	124.132	24.9	4	11.3	5.36	0.31	3.940000000000005	-77.98149229	35.3720485
38001	ND	Adams County	2.359	0.34	0	0	0	0	0.34	-102.49680488	46.1098895
21191	KY	Pendleton County	14.408	2.33	0	0.97	0.45	0	0.9100000000000001	-84.36957443	38.7207595
21207	KY	Russell County	17.662	20.9	0	2.01	0.01	0	18.85	-85.02471381	37.002816
21219	KY	Todd County	12.531	1.55	0	0	0.67	0.11	0.77	-87.17689953	36.8640305
22093	LA	St. James Parish	21.567	184	0	4	0.34	178	1.2699999999999818	-90.82149769	30.022089
17009	IL	Brown County	6.829	0.92	0	0.04	0.02	0	0.8600000000000001	-90.71277777	39.9745565
17013	IL	Calhoun County	4.899	0.72	0	0.41	0	0	0.31	-90.65553597	39.1343255
18141	IN	St. Joseph County	268.441	42.8	0	21.8	7.83	5.61	7.589999999999996	-86.27354288	41.597925
18149	IN	Starke County	22.958	6.5	0	0.61	4.52	0	1.37	-86.62081484	41.2938465
18155	IN	Switzerland County	10.524	1.96	0	1.04	0	0	0.9199999999999999	-85.01234645	38.8111185
38009	ND	Bottineau County	6.716	3.27	0	0.48	0.24	0	2.55	-100.83979205	48.781576
38011	ND	Bowman County	3.294	7.87	0	0.22	0.48	0.03	7.139999999999999	-103.52061639	46.10453
38015	ND	Burleigh County	92.991	19.1	0	11.9	5.39	0.03	1.7699999999999996	-100.50641826	46.9795195
23009	ME	Hancock County	54.659	73.7	17.6	6.69	1.16	36.3	11.940000000000012	-68.33563722	44.736253
24015	MD	Cecil County	102.382	10.8	0	3.6	1.63	0.04	5.509999999999999	-75.87433125	39.5408485
24025	MD	Harford County	250.29	15.7	0.03	9.84	0.39	0.64	4.779999999999999	-76.28546589	39.5100555
24035	MD	Queen Anne's County	48.904	14.3	0	1.77	9.15	0.22	3.139999999999999	-76.0289157	39.0484765
25001	MA	Barnstable County	214.333	72.6	27.6	31.8	10.4	0.13	2.6300000000000097	-69.97372241	41.79918635
25009	MA	Essex County	776.043	132	46.2	77.2	1.37	4.02	3.359999999999985	-70.9184155	42.650396
26015	MI	Barry County	59.314	9.81	0	1.57	3.63	0.67	3.9400000000000004	-85.30928279	42.5955455
26025	MI	Calhoun County	134.314	28.6	0	12.5	6.32	5.16	4.639999999999997	-85.00696125	42.2464945
26035	MI	Clare County	30.553	4.17	0	1.12	0.23	0.34	2.4799999999999995	-84.847025060000007	43.9892395
17019	IL	Champaign County	208.861	32.8	0	24.4	4.61	1.89	1.9100000000000037	-88.20181481	40.138241
17023	IL	Clark County	15.979	7.69	0	1.6	5.01	0	1.08	-87.80408065	39.322997
17033	IL	Crawford County	19.414	13.4	0	2.18	5.56	4.76	0.8899999999999988	-87.75926497	39.014811
18163	IN	Vanderburgh County	181.877	20.1	0	17.4	0.32	0	2.4099999999999966	-87.5741221	37.9973225
18165	IN	Vermillion County	15.692	568	562	1.25	0.08	4.12	0.75	-87.45604118	39.877068
18169	IN	Wabash County	32.138	7.64	0	3.48	0.66	1.02	2.4799999999999995	-85.79209565	40.8488155
38019	ND	Cavalier County	3.828	0.64	0	0.5	0.01	0.01	0.1200000000000001	-98.47535699	48.776094
39071	OH	Highland County	43.026	2.76	0	2.3	0	0	0.4599999999999995	-83.60821373	39.210215
39079	OH	Jackson County	32.596	1.73	0	1.47	0	0	0.26	-82.61742356	39.02701
26039	MI	Crawford County	13.801	2.14	0.15	0.66	0.4	0.09	0.8400000000000001	-84.61067553	44.6836255
26059	MI	Hillsdale County	45.941	10.3	1.08	2.01	3.66	0.37	3.2	-84.59353137	41.8906595
26067	MI	Ionia County	64.223	11.1	0	4.99	1.77	0.04	4.280000000000002	-85.07476587	42.9549625
26073	MI	Isabella County	70.698	14.9	0.07	3.01	8.23	0	3.630000000000001	-84.84725746	43.6401305
26087	MI	Lapeer County	88.373	7.05	0	0.4	0.32	0.19	6.140000000000001	-83.22606415	43.1028365
17037	IL	DeKalb County	104.352	12.1	0	7.64	0.49	0	4.000000000000002	-88.77143327	41.882247
17045	IL	Edgar County	17.664	3.08	0	1.58	0.07	0	1.43	-87.74957927	39.68227
17051	IL	Fayette County	22.043	2.38	0	1.27	0.04	0	1.0699999999999998	-89.03179088	38.9872715
18173	IN	Warrick County	61.897	632	160	2.7	0.01	469	0.7199999999999136	-87.28471632	38.0619795
19003	IA	Adams County	3.796	1.77	0	1	0	0	0.77	-94.69933108	41.0181115
19009	IA	Audubon County	5.773	2.39	0	0.24	0	0	2.1500000000000004	-94.91856235	41.6778165
19013	IA	Black Hawk County	133.455	40.8	0.52	16.6	0.16	14.3	9.220000000000002	-92.31796233	42.4761795
39085	OH	Lake County	229.245	185	151	22.8	10.2	0.09	0.8899999999999864	-81.2423543	41.71072584
39089	OH	Licking County	170.57	20.7	0	12.6	0.3	0.21	7.599999999999998	-82.4773751	40.094656
39099	OH	Mahoning County	231.9	6.49	0	4.3	0.22	1.13	0.8399999999999999	-80.76040847	41.0185425
26091	MI	Lenawee County	98.573	12.1	0	6.1	1.21	0.48	4.3100000000000005	-84.0657339	41.892214
26093	MI	Livingston County	187.316	21.7	0	6.92	1.16	0.65	13.010000000000002	-83.91105901	42.6027305
26101	MI	Manistee County	24.461	32.3	1.15	1.54	1.52	26.4	1.6099999999999959	-86.04602527	44.341661
26117	MI	Montcalm County	62.945	56.6	0	3.06	36.1	13.4	3.9399999999999977	-85.07896603	43.2931945
17055	IL	Franklin County	39.485	18.1	0	15.4	0.22	0	2.49	-88.92402353	37.9944565
17061	IL	Greene County	13.241	1.37	0	0.7	0.01	0	0.6600000000000001	-90.3803589	39.31585
35049	NM	Santa Fe County	148.686	34.8	0	10.6	21.7	0	2.5600000000000023	-105.98325243	35.5256705
35059	NM	Union County	4.201	37.2	0	0.52	35.6	0	1.0899999999999892	-103.52504683	36.363728
36003	NY	Allegany County	47.462	6.3	0.16	3.12	0.23	0.56	2.2300000000000004	-78.02375208	42.252119
38021	ND	Dickey County	5.104	11	0	0.83	9.62	0	0.5899999999999999	-98.50565775	46.104425
38039	ND	Griggs County	2.314	2.51	0	0.38	1.83	0	0.30000000000000027	-98.24262561	47.464599
38043	ND	Kidder County	2.417	16.6	0	0.09	15.7	0	0.8499999999999979	-99.76103651	46.958454
38047	ND	Logan County	1.935	2.32	0	0.09	1.5	0	0.7300000000000002	-99.4768612	46.461325
26121	MI	Muskegon County	172.79	263	230	16.1	2.55	9	5.139999999999986	-86.21058121	43.29602542
08061	CO	Kiowa County	1.423	2.21	0	0.23	1.71	0	0.27	-102.77550857	38.4366635
08075	CO	Logan County	22.036	151	0	3.26	143	0.55	3.880000000000024	-103.11261031	40.727371
08081	CO	Moffat County	12.937	139	11.1	1.74	121	0.01	4.489999999999981	-108.18125971	40.6097665
17069	IL	Hardin County	4.135	0.41	0	0.13	0.01	0	0.27	-88.23792004	37.500883
17071	IL	Henderson County	6.995	10.7	0	8.82	1.6	0	0.3199999999999985	-90.92061144	40.8534505
17079	IL	Jasper County	9.607	466	463	1.77	0	0	1.6200000000000045	-88.15444978	39.0131065
17081	IL	Jefferson County	38.353	1.22	0	0	0.12	0	1.1	-88.92361376	38.304139
36007	NY	Broome County	196.567	23.6	0	18.7	0.45	0	4.43	-75.86192932	42.206716
36011	NY	Cayuga County	78.288	8.72	0	5.43	0.37	0.01	2.9099999999999993	-76.60219773	43.0192465
38049	ND	McHenry County	5.968	21.9	0	0.97	19.4	0.28	1.2699999999999996	-100.62573851	48.2615715
38063	ND	Nelson County	2.968	2.08	0	1.33	0.62	0	0.1299999999999999	-98.20381442	47.9360015
38081	ND	Sargent County	3.876	10.3	0	0.28	9.71	0	0.3100000000000005	-97.63346843	46.109036
38087	ND	Slope County	0.767	0.99	0	0.03	0.49	0	0.47	-103.48544816	46.4465155
08085	CO	Montrose County	40.946	694	0.96	9.13	672	0	11.899999999999977	-108.28013321	38.3827155
08099	CO	Prowers County	11.954	114	0	1.91	110	0	1.3599999999999994	-102.39250625	37.9630005
08103	CO	Rio Blanco County	6.571	149	0	1.89	136	0	11.51000000000002	-108.184871	39.9607435
08109	CO	Saguache County	6.251	368	0	0.69	366	0	0.6399999999999864	-106.33140715	38.102024
08119	CO	Teller County	23.385	9.5	0	6.17	2.48	0	0.8499999999999996	-105.17856125	38.88224
12027	FL	DeSoto County	35.458	77.4	0	33.2	41.4	0.59	2.1700000000000017	-81.8099694	27.169569
17093	IL	Kendall County	123.355	11.9	1.55	7.66	0.24	0.31	2.09	-88.42891554	41.5906435
17095	IL	Knox County	51.441	2.09	0	0.49	0.32	0	1.2799999999999998	-90.21335278	40.9314335
17099	IL	LaSalle County	111.333	115	78	9.07	1.96	3.42	22.669999999999987	-88.87590702	41.274001
36015	NY	Chemung County	87.071	12.6	0	8.37	0.14	0.58	3.49	-76.76215912	42.1465725
36021	NY	Columbia County	61.509	6.55	0	2.97	1.05	0.28	2.25	-73.64222964	42.243069
39027	OH	Clinton County	41.917	2.97	0	0.88	0.09	0	1.9999999999999998	-83.79169343	39.3914685
39031	OH	Coshocton County	36.569	39	15.1	6.59	0.36	9.06	7.859999999999999	-81.90559627	40.303999
39033	OH	Crawford County	42.306	5.45	0	2.41	0.06	0	2.98	-82.91863721	40.8514875
39037	OH	Darke County	52.076	9.37	0.01	3	0.12	0.33	5.910000000000001	-84.61956031	40.132963
12051	FL	Hendry County	39.119	388	0	3.31	379	1.67	4.110000000000014	-81.22528772	26.6047895
12061	FL	Indian River County	147.919	77.5	2.19	16.9	57.8	0	0.5999999999999943	-80.62258388	27.7050708
13015	GA	Bartow County	102.747	93.1	33.8	52.4	2.05	2.9	1.9599999999999937	-84.83878057	34.2368525
13043	GA	Candler County	10.886	2.91	0	0.41	2.03	0	0.46999999999999975	-82.06985928	32.3980825
17103	IL	Lee County	34.584	10.7	0.25	3.94	5.57	0.01	0.9100000000000001	-89.28658623	41.744653
17105	IL	Livingston County	36.671	7.93	0	5.66	0.12	0.02	2.13	-88.58718585	40.878366
17123	IL	Marshall County	11.982	3.28	0	1.67	0.23	0.71	0.6699999999999999	-89.34292232	41.035858
36027	NY	Dutchess County	295.754	55.8	0	19	1.01	23.4	12.399999999999999	-73.72699766	41.759364
36039	NY	Greene County	47.625	5.87	0.17	3.07	0.56	0	2.0700000000000003	-74.13181932	42.2800065
39041	OH	Delaware County	193.013	23.9	0	19.7	1.17	0.01	3.0400000000000027	-82.99934787	40.2943415
39057	OH	Greene County	164.427	16.8	0	8.98	1.98	0.65	5.209999999999999	-83.88027857	39.701804
39065	OH	Hardin County	31.682	5.24	0	2.23	0	0	3.0100000000000002	-83.64996201	40.6599695
39069	OH	Henry County	27.816	11.2	0	2.96	0.03	6.33	1.839999999999998	-84.05532788	41.3212185
13047	GA	Catoosa County	66.05	5.85	0	4.68	0.7	0	0.47000000000000064	-85.1437835	34.876954
13187	GA	Lumpkin County	31.408	3.39	0	1.27	0.21	0	1.9100000000000001	-84.02702391	34.571977
17127	IL	Massac County	14.766	536	524	4.73	3.1	4.13	0.2099999999999227	-88.69418449	37.20033204
17137	IL	Morgan County	34.828	3.51	0	0.31	1.09	1.67	0.4399999999999995	-90.17626859	39.706526
17141	IL	Ogle County	51.659	69.7	58.5	5.09	0.27	1.57	4.269999999999996	-89.31366882	42.046531
36041	NY	Hamilton County	4.712	1	0	0.75	0.08	0	0.17000000000000004	-74.5061946	43.6937505
36093	NY	Schenectady County	154.604	34.2	0	23.5	0.42	9.73	0.5700000000000003	-74.04475209	42.8313255
72081	PR	Lares Municipio	27.372	3.75	0	3.69	0	0	0.05999999999999961	-66.86851902	18.2700465
19023	IA	Butler County	14.915	4.65	0	0.83	0.13	0.94	2.7499999999999996	-92.79020341	42.7376545
19063	IA	Emmet County	9.769	2.8	0	1.17	0.05	0.02	1.5599999999999998	-94.67834047	43.3840075
19067	IA	Floyd County	15.96	4.44	0	2.22	0.5	0.08	1.6399999999999992	-92.78876168	43.061589
19101	IA	Jefferson County	17.555	2.37	0	1.6	0	0	0.77	-91.94872928	41.0362175
13199	GA	Meriwether County	21.19	1.64	0	0.31	0.18	0.07	1.08	-84.69993186	33.0389445
13207	GA	Monroe County	27.103	47.8	44.4	1.58	0.43	0	1.4500000000000028	-83.88284746	33.0259635
27023	MN	Chippewa County	12.109	2.63	0	1.17	0.33	0.33	0.7999999999999998	-95.52656926	44.950579
28157	MS	Wilkinson County	9.122	1.78	0	1.02	0.45	0	0.31000000000000005	-91.32423065	31.184992
29143	MO	New Madrid County	18.208	942	710	1.95	229	1.1	0.15999999999985448	-89.67083971	36.6031505
17147	IL	Piatt County	16.387	5.17	0	1.12	0.3	3.36	0.3899999999999997	-88.60411425	40.03075
17151	IL	Pope County	4.226	0.32	0	0	0.22	0	0.1	-88.59780402	37.3313655
17157	IL	Randolph County	32.852	24.9	20.7	2.43	0.07	0	1.6499999999999986	-89.82498306	38.012754
17165	IL	Saline County	24.548	2.9	0	0	0.11	0	2.79	-88.54054828	37.7563445
36095	NY	Schoharie County	31.33	177	0	174	0.29	0	2.579999999999984	-74.43478805	42.5944205
36099	NY	Seneca County	34.833	16.8	0	4.41	0.24	11	1.1599999999999984	-76.85791961	42.782316
19105	IA	Jones County	20.466	3.4	0	0.89	0.03	0	2.4800000000000004	-91.13144383	42.1212505
19109	IA	Kossuth County	15.165	6.49	0	1.25	0.25	0.96	4.03	-94.20660266	43.205365
19113	IA	Linn County	219.916	174	118	41.9	0.48	9.03	5.170000000000016	-91.59980325	42.0797365
19139	IA	Muscatine County	43.011	174	121	28.9	2.86	18.4	2.9799999999999613	-91.07683122	41.476764
19143	IA	Osceola County	6.154	9.05	0	4.3	0.67	0.49	3.5900000000000007	-95.62404442	43.3785735
13211	GA	Morgan County	18.046	4.86	0	1.34	1.5	0.02	2.0000000000000004	-83.50905428	33.625368
13225	GA	Peach County	26.72	7.57	0	2.31	4.27	0.2	0.7899999999999991	-83.83262939	32.5663325
30039	MT	Granite County	3.24	123	0	0.05	123	0.02	0.5100000000000051	-113.4193666	46.3859475
35007	NM	Colfax County	12.414	56.3	0	1.8	54.1	0	0.4300000000000068	-104.69106773	36.6076475
36091	NY	Saratoga County	226.249	53.4	0.58	26.1	0.64	20.4	5.669999999999995	-73.84596538	43.0886255
17167	IL	Sangamon County	198.712	310	280	23.2	0.53	0	5.410000000000025	-89.70524275	39.749047
17179	IL	Tazewell County	134.8	91.1	15.7	14.7	21	36.9	2.8900000000000006	-89.54669402	40.5345745
36109	NY	Tompkins County	104.926	149	134	7.87	0.25	0	6.900000000000006	-76.47278844	42.4461705
37003	NC	Alexander County	37.325	4.06	0	0.03	2.05	0	1.98	-81.18100238	35.915996
19191	IA	Winneshiek County	20.709	6.94	0	1.33	0.14	0.09	5.38	-91.84262791	43.2868875
19195	IA	Worth County	7.569	13.1	0	0.45	0.12	0.36	12.209999999999999	-93.26085858	43.3683885
20007	KS	Barber County	4.823	5.13	0	0.63	3.6	0	0.8999999999999995	-98.67533229	37.224588
20013	KS	Brown County	9.776	3.67	0	0.94	2.3	0.01	0.4200000000000004	-95.56427635	39.8164365
20047	KS	Edwards County	2.968	101	0	0.25	99.8	0.05	0.7000000000000028	-99.2961334	37.9055815
13235	GA	Pulaski County	11.396	12.3	0	1.09	10.3	0.3	0.5699999999999985	-83.48439231	32.259487
13249	GA	Schley County	5.168	0.74	0	0.45	0.15	0	0.14	-84.31626108	32.293197
13255	GA	Spalding County	64.051	7.42	0	6.83	0.28	0	0.3099999999999996	-84.27076321	33.2645955
17181	IL	Union County	17.408	1.95	0	1.28	0.08	0	0.5900000000000001	-89.2570126	37.465326
17191	IL	Wayne County	16.423	2.63	0	1.12	0.52	0	0.9900000000000002	-88.42369381	38.43301
17195	IL	Whiteside County	57.079	18.9	0	3.62	12.8	0.02	2.4499999999999993	-89.93845739	41.756447
37005	NC	Alleghany County	10.837	3.06	0	0.31	1.87	0	0.8799999999999999	-81.12604678	36.470065
37033	NC	Caswell County	22.941	3.52	0	0.43	1.57	0	1.52	-79.33520862	36.3929035
20051	KS	Ellis County	29.029	4.62	0	2.53	1.27	0.04	0.7800000000000002	-99.31720769	38.924842
20059	KS	Franklin County	25.609	3.45	0	1.93	0.69	0	0.8299999999999996	-95.28685771	38.560857
20065	KS	Graham County	2.591	14.9	0	0.54	13.9	0.03	0.41999999999999993	-99.88296688	39.3501105
20069	KS	Gray County	6.133	133	0	0.67	128	0	4.759999999999991	-100.43347898	37.7514425
20119	KS	Meade County	4.33	131	0	0.65	128	0	1.9499999999999886	-100.36339838	37.2411425
20123	KS	Mitchell County	6.282	14	0	1.22	12	0	0.7099999999999991	-98.20961163	39.391576
13259	GA	Stewart County	5.851	1.56	0	0.78	0.71	0	0.07000000000000006	-84.84931044	32.0760975
13273	GA	Terrell County	9.113	16.6	0	1.44	14.9	0	0.25	-84.43175745	31.7936265
17203	IL	Woodford County	39.227	9.5	0	7.26	0.24	0	2	-89.24266301	40.762587
18001	IN	Adams County	34.98	7.82	0	2.31	0.03	3.08	2.4000000000000004	-84.93666197	40.7451485
18005	IN	Bartholomew County	81.162	18.5	0	9.49	4.36	0.04	4.640000000000001	-85.88421413	39.193516
18015	IN	Carroll County	19.856	9.53	0	1.31	0	5.77	2.4499999999999975	-86.57287049	40.577411
37037	NC	Chatham County	70.928	31	0	25.4	2.37	0.08	3.169999999999998	-79.25650456	35.693724
37041	NC	Chowan County	14.394	4.58	0	1.39	3.08	0	0.11000000000000032	-76.6509415	36.1816755
37123	NC	Montgomery County	27.548	7.61	0	2.25	3.8	0	1.5599999999999996	-79.89849057	35.323653
37163	NC	Sampson County	63.724	30.8	0	3.67	12.8	2.57	11.8	-78.36128278	34.93415
20127	KS	Morris County	5.645	2.97	0	1.62	0.1	0	1.2500000000000004	-96.64173108	38.695742
20129	KS	Morton County	3.007	43.2	0	0.62	40.4	0	2.1400000000000006	-101.79892447	37.1923405
20137	KS	Norton County	5.55	13.4	0	0.75	11	0	1.6199999999999992	-99.90355158	39.8057885
20139	KS	Osage County	15.847	2.33	0	1.52	0.13	0	0.6800000000000002	-95.72919613	38.6459765
20147	KS	Phillips County	5.428	20.2	0	0.98	17.9	0.25	1.0899999999999999	-99.34704922	39.7710375
13285	GA	Troup County	69.763	10.3	0	8.54	0.08	0	1.6899999999999995	-85.04178056	33.046629
13293	GA	Upson County	26.368	4.83	0	3.02	0.4	0.28	1.13	-84.29257857	32.844445
18019	IN	Clark County	115.371	30.5	0	22.1	0.16	6.99	1.2000000000000028	-85.80209853	38.435995
18023	IN	Clinton County	32.609	5.58	0	3.68	0	0	1.9	-86.46895109	40.304979
18033	IN	DeKalb County	42.589	9.07	0	3.17	0.38	3.88	1.6400000000000006	-84.99858828	41.4014505
37117	NC	Martin County	23.357	50	0	0.56	1.39	47.3	0.6799999999999926	-77.19505741	35.8668625
37071	NC	Gaston County	213.442	409	378	25.1	1.51	0.89	3.6200000000000614	-81.18215111	35.2843475
37081	NC	Guilford County	517.6	63.7	0	48.1	7.92	0	7.660000000000004	-79.79008833	36.075397
20151	KS	Pratt County	9.691	87	0	1.67	83.4	0.12	1.789999999999992	-98.73981426	37.6743265
20157	KS	Republic County	4.725	16.9	0	0.65	15.6	0.09	0.5700000000000003	-97.65105524	39.8276945
20163	KS	Rooks County	5.174	2.98	0	0.68	1.52	0	0.7799999999999998	-99.32519446	39.336337
20167	KS	Russell County	7.039	0.89	0	0.44	0	0	0.45	-98.76231468	38.9112445
20173	KS	Sedgwick County	511.574	84.1	3.22	52	23.2	3.29	2.3599999999999994	-97.48017179	37.690293
13297	GA	Walton County	88.399	7.73	0	3.16	2.44	0	2.13	-83.74641622	33.761326
15005	HI	Kalawao County	0.089	0.01	0	0.01	0	0	0	-156.95064732	21.172552
18039	IN	Elkhart County	203.474	29.5	0	13	6.82	1.16	8.530000000000001	-85.85846935	41.5974655
18043	IN	Floyd County	76.778	82.2	80.4	1.21	0.01	0	0.6200000000000045	-85.8932747	38.299454
18045	IN	Fountain County	16.591	3.68	0	0.88	0.08	2.1	0.6200000000000001	-87.26434772	40.160076
37171	NC	Surry County	72.743	29.8	0	4.41	4.61	0.08	20.65	-80.70655909	36.400148
40073	OK	Kingfisher County	15.584	20.6	0	1.66	11.4	0.07	7.5	-97.94278576	35.927585
42005	PA	Armstrong County	67.052	28.2	18.8	6.65	0.29	0.02	2.379999999999999	-79.45344028	40.8439815
45043	SC	Georgetown County	61.298	343	292	8.91	2.25	39	0.32999999999992724	-79.3490073	33.445607
47041	TN	DeKalb County	19.182	2.92	0	2.17	0.35	0.18	0.2200000000000002	-85.83747771	35.982869
48055	TX	Caldwell County	40.522	29.2	0	3.7	0.41	0.12	25.01	-97.62612535	29.8516275
48155	TX	Foard County	1.22	2.37	0	0.01	1.76	0	0.6000000000000001	-99.76169741	33.9525165
20181	KS	Sherman County	5.983	105	0	1.34	103	0.14	0.7600000000000051	-101.71990426	39.346016
20185	KS	Stafford County	4.236	86.1	0	0.35	84.7	0.03	1.0000000000000142	-98.69276204	38.0329825
20201	KS	Washington County	5.598	6.62	0	0.78	4.2	0.02	1.620000000000001	-97.08756548	39.787944
20205	KS	Wilson County	8.856	2.14	0	1.36	0.52	0	0.26	-95.74335309	37.5699115
21001	KY	Adair County	19.027	0.97	0	0	0.03	0	0.94	-85.29783638	37.120009
16001	ID	Ada County	434.211	318	0	72.7	224	6.73	13.590000000000032	-116.22397879	43.460265
16057	ID	Latah County	38.778	188	0	4.2	183	0.25	1.0300000000000296	-116.68459175	46.8434017
16063	ID	Lincoln County	5.297	252	0	0.4	249	0.43	2.3999999999999773	-114.15432819	42.990104
18049	IN	Fulton County	20.315	10.2	0	1.07	7.91	0.01	1.1799999999999997	-86.20662023	41.040945
18057	IN	Hamilton County	309.697	69.1	0.09	35.7	1.13	1.6	30.569999999999993	-86.05237848	40.0859395
18059	IN	Hancock County	72.52	6.7	0	3.18	0.03	0	3.49	-85.77491155	39.8179205
18069	IN	Huntington County	36.63	6.3	0	3.73	0.01	1.17	1.3899999999999997	-85.48845731	40.8289315
18073	IN	Jasper County	33.47	41.3	22.5	0.91	14.6	0.57	2.759999999999998	-87.10346651	41.0057095
37177	NC	Tyrrell County	4.07	0.6	0	0.48	0	0	0.12	-76.22686268	35.7932355
37181	NC	Vance County	44.568	9.7	0	5.95	1.68	0	2.0699999999999994	-78.39888646	36.354361
12019	FL	Clay County	203.967	22.2	0	13.5	1.56	0	7.09	-81.824686	29.9562885
12101	FL	Pasco County	497.909	1850	1780	61.2	8.95	0.33	4.819999999999936	-82.39379875	28.32269614
40081	OK	Lincoln County	35.042	4.63	0	1.03	0.16	0	3.44	-96.88060199	35.702711
40085	OK	Love County	9.87	4.82	0	0.83	0.92	0	3.0700000000000003	-97.34977266	33.89372457
29117	MO	Livingston County	15.028	2.69	0	1.89	0.52	0	0.28000000000000025	-93.56147414	39.796042
29141	MO	Morgan County	20.171	10.2	0	0.7	0.25	0	9.26	-92.85170318	38.437971
29145	MO	Newton County	58.615	9.77	0	4.33	0.34	0.38	4.72	-94.34113918	36.90247976
51045	VA	Craig County	5.211	4.77	0	0	0	0.09	4.68	-80.19170273	37.4867525
51071	VA	Giles County	16.708	113	42.6	1.12	0.09	66	2.5999999999999943	-80.66903941	37.313899
13193	GA	Macon County	13.632	25.4	0	1.03	12	10.3	2.1000000000000014	-84.05146494	32.326947
40153	OK	Woodward County	21.559	16	1.49	6.3	5.77	0.29	2.1799999999999997	-99.28295309	36.4782895
40091	OK	McIntosh County	19.99	5.21	0	4.59	0.08	0	0.5399999999999991	-95.66302212	35.341323
40105	OK	Nowata County	10.539	5.52	0	1.16	0	0	4.359999999999999	-95.62104874	36.797164
40111	OK	Okmulgee County	39.187	6.9	0	5.82	0	0	1.0799999999999992	-95.9528262	35.617807
29147	MO	Nodaway County	22.81	2.97	0	1.88	0.4	0	0.69	-94.88867339	40.3642145
29165	MO	Platte County	96.096	302	297	2.42	2	0	0.7899999999999636	-94.75553332	39.34497421
06073	CA	San Diego County	3299.521	618	80.6	409	118	1.62	8.530000000000086	-116.69455921	33.02251584
21115	KY	Johnson County	23.175	2.85	0	2.48	0.11	0	0.2599999999999998	-82.83244823	37.850235
21229	KY	Washington County	12.063	2.05	0	1.17	0.15	0	0.73	-85.18266155	37.7769485
51115	VA	Mathews County	8.862	0.67	0	0	0	0	0.67	-76.34976287	37.422719
51169	VA	Scott County	22.126	2.04	0	1.12	0.04	0	0.8799999999999999	-82.58259684	36.7396475
41009	OR	Columbia County	49.6	36.6	1.52	4.7	4.5	23.2	2.690000000000005	-123.08628283	45.95772146
41071	OR	Yamhill County	102.659	132	0	8.83	113	8.8	2.299999999999983	-123.23227285	45.25449
40115	OK	Ottawa County	31.981	4.62	0	2.7	0.09	0	1.83	-94.80880834	36.82916752
40119	OK	Payne County	80.85	6.06	0.5	2.64	0.71	0	2.2099999999999995	-96.98826719	36.092219
29219	MO	Warren County	33.513	4.23	0	1.63	1.22	0.5	0.8799999999999999	-91.18974534	38.76725
30065	MT	Musselshell County	4.582	74.7	0	0.25	72.1	0.01	2.3299999999999983	-108.32156044	46.4234745
51173	VA	Smyth County	31.47	6.99	0	2.19	0.05	0	4.75	-81.51157836	36.824415
51550	VA	Chesapeake City	235.429	10.6	0	7.12	0.28	0	3.1899999999999977	-76.27630255	36.7083
42007	PA	Beaver County	168.871	198	103	22.1	0.4	70.1	2.1899999999999977	-80.33342479	40.66142857
42009	PA	Bedford County	48.586	16.6	0	9.99	0.19	0	6.420000000000002	-78.48322815	40.023459
40123	OK	Pontotoc County	38.194	27.3	0	4.35	2.94	0.01	20	-96.66938631	34.718115
40129	OK	Roger Mills County	3.788	4.99	0	0.56	3.32	0	1.1100000000000003	-99.68850735	35.7255535
30103	MT	Treasure County	0.697	108	0	0.07	108	0	0.45000000000000284	-107.23674556	46.170664
30107	MT	Wheatland County	2.11	170	0	0.32	169	0	0.7600000000000193	-109.8423546	46.4493635
51680	VA	Lynchburg City	79.812	0.03	0	0	0.03	0	0	-79.18471597	37.400942
51710	VA	Norfolk City	246.393	0.42	0	0.28	0.06	0.08	0	-76.25413063	36.894447
42013	PA	Blair County	125.593	18.3	0	13.1	0.23	0.14	4.82	-78.34839612	40.492555
42021	PA	Cambria County	136.411	17.7	0	14.9	0.32	0.01	2.459999999999999	-78.73345679	40.484299
40143	OK	Tulsa County	639.242	9.62	1.27	0	4.87	0.17	3.3099999999999987	-96.02983623	36.1439115
40149	OK	Washita County	11.661	17.1	0	7.1	8.92	0	1.0899999999999999	-98.99404086	35.280039
31015	NE	Boyd County	2.006	14.1	0	0.15	13.1	0	0.7699999999999996	-98.62492015	42.880121
51770	VA	Roanoke City	99.897	5.22	0	4.99	0.23	0	0	-79.95989942	37.273342
51800	VA	Suffolk City	88.161	46.8	0	44.4	0.54	0.08	1.7100000000000009	-76.62151096	36.7327505
42037	PA	Columbia County	66.672	9.55	0	5.02	0.36	0.45	3.7200000000000006	-76.39775427	41.042939
42065	PA	Jefferson County	44.43	4.86	0	2.14	0.12	0.01	2.5900000000000003	-79.00465718	41.142888
27035	MN	Crow Wing County	63.428	8.5	0	3.4	2.31	0	2.79	-94.07009519	46.4694425
27045	MN	Fillmore County	20.834	13	0	1.28	0.1	0.06	11.6	-92.09014391	43.674018
31019	NE	Buffalo County	48.863	217	0	6.45	205	2.11	3.2600000000000193	-99.07401559	40.847856
31021	NE	Burt County	6.585	28.7	0	0.85	27.4	0	0.5	-96.34619096	41.86471451
53001	WA	Adams County	19.254	166	0	5.58	155	3.52	1.6499999999999773	-118.47081444	46.995072
53063	WA	Spokane County	490.945	192	0	139	8.64	29.7	15.170000000000016	-117.43045247	47.643844
42069	PA	Lackawanna County	211.917	43	0	38.7	0.49	0	3.8500000000000014	-75.64056837	41.4042965
42079	PA	Luzerne County	318.449	124	94.3	22.8	0.57	0	6.0400000000000205	-75.95471579	41.1657185
27049	MN	Goodhue County	46.435	540	533	3.09	1.59	0.15	2.449999999999932	-92.73488638	44.454348
27055	MN	Houston County	18.773	2.23	0	0.86	0.05	0	1.3199999999999994	-91.5017662	43.6751045
31121	NE	Merrick County	7.787	164	0	0.8	162	0	1.259999999999991	-98.07780907	41.1299275
31127	NE	Nemaha County	7.046	860	849	0.89	9.63	0	0.25	-95.86327757	40.4123185
54055	WV	Mercer County	61.164	5.29	0	3.58	0.04	0.11	1.560000000000001	-81.07686678	37.416339
54061	WV	Monongalia County	104.236	110	87.3	10.9	0.34	0	11.86999999999999	-79.96953858	39.578274
42081	PA	Lycoming County	116.048	13.2	0	8.78	0.3	0.68	3.4799999999999986	-77.05360107	41.330355
42107	PA	Schuylkill County	144.59	32.9	2.71	23.4	0.74	0.71	5.32	-76.1610245	40.720047
27123	MN	Ramsey County	538.133	208	151	52.6	0.91	1.9	1.5599999999999739	-93.09615331	45.0034725
27135	MN	Roseau County	15.77	1.74	0	0.71	0.02	0	1.01	-95.74764856	48.77656
31141	NE	Platte County	32.847	141	0	4.96	124	7.86	3.789999999999992	-97.54136213	41.5408055
31149	NE	Rock County	1.381	55.9	0	0.16	53.7	0	1.980000000000004	-99.46032459	42.4458445
54089	WV	Summers County	13.239	3.11	0	2.49	0.08	0	0.54	-80.87770533	37.6486545
55009	WI	Brown County	258.718	172	84.8	19.2	0.45	61.9	6.139999999999986	-87.97773403	44.4656535
42119	PA	Union County	44.954	5.9	0	2.87	0.07	0.22	2.74	-77.04747644	40.978932
44003	RI	Kent County	164.801	2.22	0	1.04	0.45	0.22	0.5099999999999998	-71.61746771	41.68165309
27141	MN	Sherburne County	91.705	80.4	53.1	4.95	18.4	0.72	3.3500000000000085	-93.75802789	45.4028555
27155	MN	Traverse County	3.401	0.4	0	0.2	0	0	0.2	-96.42937412	45.8027065
32007	NV	Elko County	51.935	396	0	11.9	349	0	34.93000000000001	-115.53004752	41.062651
32029	NV	Storey County	3.987	2.37	1.6	0.53	0	0	0.2400000000000002	-119.53244753	39.4394575
55013	WI	Burnett County	15.159	2.55	0	0.36	0.22	0.68	1.2899999999999998	-92.36403216	45.898236
55031	WI	Douglas County	43.601	3.62	0	0.03	0.91	0.37	2.3100000000000005	-91.9221924	46.446527
45011	SC	Barnwell County	21.725	6.27	0	1.54	3.26	0.46	1.0099999999999998	-81.42887039	33.288689
45023	SC	Chester County	32.267	5.44	0	3.18	0.08	0.2	1.98	-81.16582032	34.681987
27169	MN	Winona County	50.885	10.7	0	3.76	0.14	1.51	5.299999999999999	-91.79518824	44.0196555
28005	MS	Amite County	12.574	2.58	0	1.34	0.07	0.01	1.16	-90.80385059	31.1743685
33001	NH	Belknap County	60.641	8.49	0	3.12	0.41	0.3	4.66	-71.43349412	43.524674
33005	NH	Cheshire County	75.909	7.29	0.32	4.12	0.21	0.41	2.2300000000000004	-72.29751251	42.9475505
55041	WI	Forest County	9.057	0.65	0	0.4	0.1	0	0.15000000000000002	-88.86153515	45.744805
55065	WI	Lafayette County	16.829	4.03	0	0.97	0.59	0.02	2.4499999999999993	-90.13163502	42.662722
39105	OH	Meigs County	23.257	5.77	0	1.75	0	0	4.0200000000000005	-82.05590518	39.038466
39143	OH	Sandusky County	59.679	17.6	0	7.89	0.12	7.28	2.280000000000001	-83.13084717	41.374518
39147	OH	Seneca County	55.61	6.96	0	1.85	0.1	2.95	2.0599999999999996	-83.12790798	41.125134
28019	MS	Choctaw County	8.299	14.2	6.35	0.96	0.88	5.27	0.6900000000000013	-89.27107673	33.312147
28025	MS	Clay County	20.048	4.62	0	2.53	0.76	0	1.33	-88.77422776	33.657591
34039	NJ	Union County	555.786	143	0.25	142	0.54	0.59	0.1599999999999966	-74.27340386	40.6658955
35001	NM	Bernalillo County	676.685	139	0.26	95.3	41.5	0.05	1.4899999999999807	-106.67650386	35.043004
55071	WI	Manitowoc County	79.806	1010	987	15.7	0.29	0.51	8.800000000000068	-87.84186879	44.10945286
55079	WI	Milwaukee County	957.735	1900	1780	114	0.45	2.34	1.8800000000001091	-87.97991736	43.01721756
39151	OH	Stark County	375.165	45.4	0	30.4	1.07	5.38	8.469999999999999	-81.36743298	40.809722
39153	OH	Summit County	541.968	22.7	0	11.1	0.73	2.82	8.110000000000001	-81.53965712	41.131524
28059	MS	Jackson County	141.425	49.5	5.57	14.5	0.15	23	6.299999999999997	-88.64328627	30.521976
28063	MS	Jefferson County	7.507	1.37	0	0.72	0.52	0	0.13000000000000012	-91.02443516	31.729765
35006	NM	Cibola County	27.329	9.68	0	2.38	4.86	0	2.4399999999999995	-107.77221954	34.9740915
35013	NM	Dona Ana County	214.295	412	1.07	34	373	0	4.149999999999977	-106.83757357	32.44103
55091	WI	Pepin County	7.29	3.35	0	0.39	2.19	0.02	0.7499999999999996	-92.08758255	44.544425
55093	WI	Pierce County	40.889	4.81	0	2	0.27	0.77	1.7700000000000005	-92.42114242	44.697418
39165	OH	Warren County	224.469	19.6	0	15.1	0.48	0	4.060000000000002	-84.16530353	39.424528
40001	OK	Adair County	22.004	8.48	0	6.91	0.26	0.01	1.299999999999999	-94.66133404	35.889111
40005	OK	Atoka County	13.793	42.2	0	40.4	0.86	0	0.8699999999999974	-95.96212498	34.4186975
28065	MS	Jefferson Davis County	11.665	2.19	0	1.45	0.31	0.17	0.26	-89.83940665	31.582605
28125	MS	Sharkey County	4.585	74.7	0	0.52	68.8	0	5.3500000000000085	-90.82094464	32.8815105
35028	NM	Los Alamos County	17.785	3.06	0	3.06	0	0	0	-106.32400403	35.863906
48439	TX	Tarrant County	1982.498	87.4	51.6	26.5	3.83	0.3	5.109999999999999	-97.29169685	32.769029
55101	WI	Racine County	195.08	24	0	19.1	1.59	0.2	3.039999999999999	-88.04292635	42.72663772
55103	WI	Richland County	17.495	4.41	0	1.18	0.96	0.9	1.3700000000000006	-90.42883998	43.3627885
40009	OK	Beckham County	23.768	16.1	0	3.25	11.5	0	1.3800000000000008	-99.68239749	35.2442905
40019	OK	Carter County	48.689	48.7	0	5.08	0.56	0.07	42.99	-97.24803126	34.285512
40033	OK	Cotton County	5.996	1.93	0	0.51	0.17	0	1.25	-98.37445993	34.249777
28127	MS	Simpson County	27.222	5.34	0	3.6	1.08	0.01	0.6500000000000012	-89.90815315	31.901573
28135	MS	Tallahatchie County	14.588	98.7	0	1.31	97	0	0.39000000000000057	-90.18809	33.9345815
53031	WA	Jefferson County	30.466	4.16	0	2.25	0.89	0	1.02	-123.67146383	47.8315615
54087	WV	Roane County	14.435	1.5	0	0.85	0.02	0	0.63	-81.35139078	38.7313
01063	AL	Greene County	8.479	389	377	1.39	0.45	0.02	9.580000000000041	-88.00023856	32.8356765
48487	TX	Wilbarger County	13.027	21.9	0	1.85	17.7	0.02	2.259999999999998	-99.2140082	34.1394005
49041	UT	Sevier County	20.984	78.8	0	4.63	66.8	0.05	7.280000000000001	-111.76352343	38.7765815
48395	TX	Robertson County	16.659	1100	1050	2.25	41.2	0.14	5.869999999999891	-96.51289865	31.026122
49013	UT	Duchesne County	20.862	317	0	4.37	307	0	5.079999999999984	-110.4365902	40.323966
51099	VA	King George County	25.515	3.48	0.8	0.93	0.16	0	1.5899999999999996	-77.18020291	38.2703635
56017	WY	Hot Springs County	4.741	71	0	0.67	62.4	0.01	7.890000000000008	-108.60187547	43.7701445
01019	AL	Cherokee County	25.859	7.42	0	3.2	2.82	0	1.4000000000000004	-85.64771082	34.2340205
40037	OK	Creek County	70.892	20.5	0	5.89	0.2	0	14.370000000000001	-96.32491845	35.908368
40039	OK	Custer County	29.744	18.6	0	3.65	13.8	0	1.1199999999999974	-99.00454172	35.6386975
28155	MS	Webster County	9.899	2.2	0	1.4	0.63	0	0.16999999999999993	-89.26255397	33.610487
29051	MO	Cole County	76.72	10.7	0	8.18	1	0	1.4900000000000002	-92.24475793	38.5306665
50007	VT	Chittenden County	161.382	18.1	0.53	13.9	0.45	1.26	1.9400000000000013	-73.05269115	44.4432215
50013	VT	Grand Isle County	6.861	5.36	0	0.5	0.1	0.01	4.75	-73.29301538	44.788487
01123	AL	Tallapoosa County	40.844	13.3	0	11.9	0.91	0	0.5099999999999998	-85.79812364	32.799816
06029	CA	Kern County	882.176	1920	1.03	169	1620	2.46	127.5	-118.72035741	35.2869095
40061	OK	Haskell County	12.845	2.87	0	1.17	0.1	0	1.6	-95.1326461	35.253054
40071	OK	Kay County	45.366	29.7	0	18.1	5.99	3.61	1.9499999999999993	-97.10737688	36.7964315
29097	MO	Jasper County	118.596	29.1	0.41	18.5	4.03	4.22	1.9400000000000013	-94.33656453	37.20093859
29107	MO	Lafayette County	32.701	6.97	0	2.31	2.13	0	2.5299999999999994	-93.79709248	39.1010045
02090	AK	Fairbanks North Star Borough	99.631	70.5	33.8	14.1	0.24	0.01	22.310000000000002	-146.36676741	64.856252
05013	AR	Calhoun County	5.229	0.3	0	0.24	0	0	0.06	-92.54771229	33.536086
05099	AR	Nevada County	8.558	0.68	0	0.22	0	0	0.45999999999999996	-93.29119362	33.708584
48331	TX	Milam County	24.513	273	244	10.9	4.7	10.8	2.830000000000041	-96.97580584	30.7842575
48335	TX	Mitchell County	9.067	20.3	0	1.28	11.8	0	7.200000000000001	-100.92108709	32.300272
48345	TX	Motley County	1.148	8.48	0	0.15	7.81	0	0.5200000000000005	-100.77982989	34.0695475
48353	TX	Nolan County	15.107	14.4	0	2.28	9.69	0.03	2.4400000000000013	-100.40615124	32.2977845
48363	TX	Palo Pinto County	27.895	60.6	53.4	1.98	1.02	0	4.109999999999999	-98.31867366	32.763264
28107	MS	Panola County	34.167	22.9	0	3.35	18.1	0.02	1.4399999999999977	-89.95933685	34.356181
28113	MS	Pike County	39.956	8.56	0	5.89	0.21	1.23	1.2300000000000004	-90.40426073	31.1745375
28117	MS	Prentiss County	25.459	3.4	0	3.28	0.01	0	0.10999999999999988	-88.5242452	34.610652
28145	MS	Union County	28.429	3.54	0	2.57	0.06	0	0.9100000000000001	-89.01786292	34.4822235
29039	MO	Cedar County	13.934	2.48	0	0.86	0.68	0.02	0.9199999999999999	-93.83959061	37.73747
51640	VA	Galax City	6.914	1.83	0	1.74	0.08	0	0.010000000000000009	-80.9279531	36.659138
51670	VA	Hopewell City	22.378	139	0.02	20.6	0	118	2.842170943040401e-14	-77.29456305	37.2876485
51683	VA	Manassas City	41.764	0.51	0	0.21	0	0	0.30000000000000004	-77.48279414	38.744548
51735	VA	Poquoson City	12.059	0	0	0	0	0	0	-76.35832737	37.134312
47071	TN	Hardin County	25.756	31.6	0	2.63	0.77	27.8	0.3400000000000034	-88.17736232	35.1980785
47075	TN	Haywood County	18.023	11.7	2.18	1.49	5.06	2.69	0.3299999999999983	-89.27093579	35.604995
48367	TX	Parker County	126.042	15.8	0	7.51	0.95	0.02	7.289999999999999	-97.80458012	32.7824665
48369	TX	Parmer County	9.749	141	0	0.86	130	1.46	8.95999999999998	-102.78432326	34.52805
48381	TX	Randall County	130.269	12.3	0	2.23	5.4	0	4.640000000000001	-101.89710951	34.950703
48393	TX	Roberts County	0.916	7.4	0	0.13	6.31	0	0.9599999999999991	-100.81342472	35.869864
48397	TX	Rockwall County	90.861	0.38	0	0	0.15	0	0.23	-96.40771167	32.8947475
12037	FL	Franklin County	11.761	2.25	0	1.97	0.16	0	0.1200000000000001	-84.83983862	29.8490255
13105	GA	Elbert County	19.364	3.92	0	1.59	0.88	0	1.4499999999999997	-82.85910302	34.1225435
13217	GA	Newton County	105.473	15.8	0	13.7	0.53	0	1.5000000000000018	-83.84119951	33.556984
29059	MO	Dallas County	16.393	2.34	0	0.47	0.28	0	1.5899999999999999	-93.01201131	37.6616245
29063	MO	De Kalb County	12.687	0.53	0	0.14	0.02	0	0.37	-94.40475121	39.8899815
29065	MO	Dent County	15.593	33	0	0.9	0.52	0	31.610000000000007	-91.4818298	37.608054
29075	MO	Gentry County	6.692	1.74	0	0.62	0.06	0	1.06	-94.41041446	40.211411
29079	MO	Grundy County	10.097	2.29	0	1.34	0.62	0	0.33000000000000007	-93.565503090000007	40.1146735
51750	VA	Radford City	17.403	2.48	0	2.48	0	0	0	-80.56167335	37.120632
51840	VA	Winchester City	27.284	0	0	0	0	0	0	-78.17232479	39.1697025
55003	WI	Ashland County	15.843	33.9	32	0.99	0.02	0.01	0.9099999999999966	-90.73652474	46.361331
55017	WI	Chippewa County	63.531	12.3	0	6.96	1.42	0.99	2.91	-91.28739828	45.0596705
55019	WI	Clark County	34.445	7.4	0	1.23	0.8	0.88	4.49	-90.619166	44.726925
47083	TN	Houston County	8.149	1.23	0	1	0.01	0	0.21999999999999997	-87.73245439	36.273386
47095	TN	Lake County	7.576	6.83	0	1.11	5.52	0	0.20000000000000018	-89.46360995	36.343887
47099	TN	Lawrence County	42.564	5.48	0	4.06	0.28	0	1.1399999999999997	-87.39839806	35.236106
54053	WV	Mason County	27.037	136	132	2.33	0.08	0.7	0.9399999999999977	-81.99937227	38.7480275
54077	WV	Preston County	33.94	3.64	0	2.21	0.09	0.01	1.3300000000000005	-79.69069022	39.46792523
55053	WI	Jackson County	20.554	21.2	0	0.96	17.6	1.32	1.2899999999999991	-90.74168305	44.3194715
29083	MO	Henry County	21.737	334	330	2	0.68	0	0.8999999999999773	-93.79175095	38.381206
29093	MO	Iron County	10.125	2.67	0	0.42	0.56	0.01	1.68	-90.65871887	37.507201
29111	MO	Lewis County	10.207	3.53	0	0.69	2.37	0	0.4700000000000002	-91.72742037	40.10356966
29121	MO	Macon County	15.335	3.64	0	1.86	0.4	0.78	0.6000000000000001	-92.57386663	39.8051035
55033	WI	Dunn County	44.497	15	0	2.39	9	1.15	2.509999999999998	-91.89322018	44.9476075
55045	WI	Green County	37.186	7.48	0	2.66	1.32	1.12	2.38	-89.60239455	42.6777365
55047	WI	Green Lake County	18.856	9.22	0	0.35	5.07	2.6	1.200000000000001	-89.02684657	43.8075715
47103	TN	Lincoln County	33.743	8.66	0	4.33	1.42	0	2.91	-86.60151652	35.180932
47109	TN	McNairy County	26.066	3.16	0	2.54	0.24	0	0.38000000000000034	-88.57756787	35.1989415
55081	WI	Monroe County	45.549	42.8	0	3.56	27.4	9.7	2.1499999999999986	-90.61179176	43.947191
55115	WI	Shawano County	41.304	7.32	0	2.42	0.24	1.82	2.84	-88.7373442	44.8055175
55135	WI	Waupaca County	51.945	12.6	0	4.94	4.75	0.23	2.7299999999999986	-88.98021874	44.468325
20075	KS	Hamilton County	2.474	40.6	0	0.7	37	0.07	2.780000000000001	-101.7928575	37.98195474
29131	MO	Miller County	25.113	4.54	0	0.78	1.57	0	2.19	-92.44630899	38.223257
29135	MO	Moniteau County	15.963	3.86	0	1.47	0.26	0.54	1.5899999999999994	-92.62750292	38.675889
29151	MO	Osage County	13.628	4.71	0	0.55	2.66	0.02	1.48	-91.8255149	38.4985785
55061	WI	Kewaunee County	20.366	6.43	0	0.87	0.22	2.17	3.170000000000001	-87.62445196	44.503083
55087	WI	Outagamie County	183.245	62.7	0	6.13	0.84	51.7	4.030000000000008	-88.46376175	44.4301395
55097	WI	Portage County	70.408	79.8	0	8.69	59.7	8.97	2.470000000000013	-89.47495001	44.4606525
55125	WI	Vilas County	21.387	4.87	0	0.48	3.38	0.05	0.9600000000000004	-89.43729882	46.079074
47113	TN	Madison County	97.61	21	0	15.7	2.82	1.02	1.370000000000001	-88.84246858	35.603044
47131	TN	Obion County	30.639	8.75	0	4.62	2.16	1.53	0.4399999999999995	-89.17513374	36.358801
20145	KS	Pawnee County	6.838	64.3	0	0.94	61.6	0	1.750000000000007	-99.24117958	38.182117
21185	KY	Oldham County	64.875	8.63	0	3.93	0.11	0	4.589999999999999	-85.47582028	38.41036747
26123	MI	Newaygo County	47.948	10.1	0	1.87	4.41	0	3.8199999999999994	-85.80114552	43.5546145
26137	MI	Otsego County	24.253	4.51	0	1.11	1.94	0	1.46	-84.60947753	45.028142
28003	MS	Alcorn County	37.388	5.82	0	4.75	0.16	0	0.9100000000000001	-88.59424592	34.8943065
29169	MO	Pulaski County	53.221	6.57	0	5.85	0.13	0	0.5899999999999999	-92.21732076	37.8182985
29175	MO	Randolph County	25.104	715	712	1.12	1.26	0	0.37000000000000455	-92.50526988	39.4254515
29185	MO	St. Clair County	9.44	2.11	0	0.32	0.6	0	1.19	-93.7824739	38.02945
29205	MO	Shelby County	6.128	2.54	0	0.23	1.82	0	0.48999999999999977	-92.06875832	39.783375
29211	MO	Sullivan County	6.353	3.67	0	0.65	0.18	0.91	1.9299999999999997	-93.11107755	40.2100795
55129	WI	Washburn County	15.552	5.28	0	0.63	2.61	0.01	2.03	-91.78700837	45.8934945
55131	WI	Washington County	133.674	12.5	0	7.91	0.6	0.38	3.619999999999999	-88.22927924	43.367598
55139	WI	Winnebago County	169.546	30.5	0	14	0.78	9.48	6.279999999999998	-88.64513642	44.067821
55141	WI	Wood County	73.435	201	0	4.73	68.5	125	2.319999999999993	-90.02114312	44.460384
56007	WY	Carbon County	15.559	904	0	2.85	896	0.75	3.5599999999999454	-106.79117788	41.7000545
47137	TN	Pickett County	5.146	1.01	0	0.81	0	0	0.19999999999999996	-85.15140001	36.5157685
47161	TN	Stewart County	13.259	1330	1320	0.71	0.06	0.33	0.4900000000000091	-87.8330276	36.502067
55137	WI	Waushara County	24.033	53.9	0	1.14	47.9	0.11	4.800000000000004	-89.24190999	44.133927
72065	PR	Hatillo Municipio	41.047	4.69	0	3.96	0	0.08	0.6500000000000004	-66.79584469	18.4067065
72075	PR	Juana Diaz Municipio	48.06	11.6	0	2.56	8.99	0	0.03999999999999915	-66.48849229	18.0647585
29215	MO	Texas County	25.69	3.99	0	1.72	0.08	0.62	1.5700000000000003	-91.94964463	37.330617
29221	MO	Washington County	24.788	3.85	0	0.66	0.04	1.66	1.4900000000000002	-90.86792396	37.9726
29225	MO	Webster County	37.483	4.12	0	1.11	0.26	0	2.750000000000001	-92.88435138	37.2760775
30017	MT	Custer County	12.135	135	0	1.39	132	0.06	1.9700000000000273	-105.53028149	46.3970845
56011	WY	Crook County	7.444	38.8	0	6.44	29.5	0.11	2.6700000000000017	-104.57073507	44.60609628
56021	WY	Laramie County	97.121	190	0.09	14	171	1.22	4	-104.66654268	41.3258565
56027	WY	Niobrara County	2.542	44.5	0	1	42.7	0	0.7700000000000031	-104.47580862	43.059175
56035	WY	Sublette County	9.899	659	0	2.21	651	0.04	5.630000000000109	-109.95637783	42.866324
56037	WY	Sweetwater County	44.626	152	19.8	11.4	113	1.82	6.350000000000023	-108.98878428	41.6161
01007	AL	Bibb County	22.583	5.87	0	5.18	0.19	0	0.5000000000000009	-87.096731	33.03733
47171	TN	Unicoi County	17.86	5.08	0	1.46	0	0	3.619999999999999	-82.47506644	36.107019
47179	TN	Washington County	126.302	20.7	0	19.1	0.3	0	1.3299999999999983	-82.48716457	36.275235
72087	PR	Loiza Municipio	27.251	0.03	0	0	0	0	0.03	-65.8809798	18.418775
72109	PR	Patillas Municipio	17.819	6.11	0	5.4	0.67	0	0.040000000000000036	-66.01763874	18.038376
30021	MT	Dawson County	9.625	82.2	0	1.75	79	0.01	1.4099999999999966	-104.92576439	47.326032
30025	MT	Fallon County	3.19	7.22	0	0.28	0.5	0.11	6.33	-104.46551623	46.29676054
30037	MT	Golden Valley County	0.827	29.7	0	0.04	29.1	0.01	0.519999999999996	-109.13241998	46.4127465
30051	MT	Liberty County	2.408	39.2	0	0.22	38.5	0	0.5600000000000023	-111.01585769	48.5597925
30079	MT	Prairie County	1.16	72.1	0	0.01	71.4	0	0.7099999999999937	-105.44615513	46.861117
30097	MT	Sweet Grass County	3.634	259	0	0.51	257	0.02	1.1100000000000705	-109.89126184	45.697582
01031	AL	Coffee County	51.211	13.5	0	6.34	3.87	1.74	1.589999999999998	-85.99282268	31.3979085
02185	AK	North Slope Borough	9.687	127	0	0.38	0	0.01	126.18	-152.27111204	69.6759575
05111	AR	Poinsett County	24.04	973	0	2.18	967	0	4.060000000000059	-90.66292963	35.568517
06017	CA	El Dorado County	184.452	58.5	0	27.8	26.8	0.89	3.000000000000007	-120.52544505	38.785206
08007	CO	Archuleta County	12.352	44.8	0	1.51	42	0	1.3299999999999983	-107.05161149	37.2048375
08063	CO	Kit Carson County	7.758	114	0	1.27	111	0	2.2700000000000102	-102.60195811	39.338425
08087	CO	Morgan County	28.36	142	4.76	5.96	123	5.12	3.8799999999999955	-103.81083256	40.2703515
47181	TN	Wayne County	16.748	2.07	0	1.07	0.08	0	0.9199999999999997	-87.78041664	35.255699
48009	TX	Archer County	8.715	8.42	0	4.59	0	0	3.83	-98.68825218	33.599612
48019	TX	Bandera County	21.269	2.52	0	0.63	0.53	0	1.3600000000000003	-99.20306346	29.730574
72131	PR	San Sebastian Municipio	39.007	7.02	0	6.71	0	0	0.3099999999999996	-66.97283136	18.323232
06091	CA	Sierra County	2.967	24.3	0	0.37	23.4	0.45	0.16999999999999815	-120.51135854	39.5774035
13007	GA	Baker County	3.18	24.5	0	0.15	23.6	0	0.8399999999999999	-84.49742977	31.266993
13247	GA	Rockdale County	88.856	13.4	0	11.8	0.58	0	1.0299999999999994	-84.01195589	33.6560405
30109	MT	Wibaux County	1.13	3.23	0	0.07	1.4	0	1.76	-104.18620682	47.021696
31001	NE	Adams County	31.587	167	1.88	6.5	155	1.19	2.759999999999991	-98.50113132	40.524911
31011	NE	Boone County	5.315	93.7	0	0.63	89.4	1.22	2.410000000000011	-98.06088848	41.6969435
31067	NE	Gage County	21.9	54	0.18	3.6	48.4	0.53	1.3000000000000043	-96.68997898	40.2624465
08115	CO	Sedgwick County	2.399	74.5	0	0.69	73.6	0	0.2600000000000051	-102.35159331	40.8387955
12049	FL	Hardee County	27.502	39.3	0.29	1.64	32.6	0.31	4.479999999999997	-81.80945456	27.4897265
13165	GA	Jenkins County	8.957	8	0	0.45	6.85	0.07	0.6299999999999999	-81.97791545	32.796436
42047	PA	Elk County	30.872	22	0	5.32	0.12	15.2	1.360000000000003	-78.7569418	41.4112545
42117	PA	Tioga County	41.877	7.57	0	2.03	0.15	1.69	3.7000000000000015	-77.24948386	41.760932
48027	TX	Bell County	334.941	18.8	0	16.3	1.64	0	0.8500000000000014	-97.51343015	31.048797
48047	TX	Brooks County	7.23	2.12	0	1.1	0.21	0	0.81	-98.20207574	27.0275195
48053	TX	Burnet County	45.463	7.88	0	4.09	0.47	0.13	3.1899999999999995	-98.18584707	30.733693
48075	TX	Childress County	7.088	10.5	0	0	10.3	0	0.23999999999999844	-100.20693999	34.510701
17077	IL	Jackson County	59.362	74.4	66.1	5.96	0.33	0	1.970000000000013	-89.40943288	37.75652814
17201	IL	Winnebago County	287.078	35.3	0	29.2	0.75	1.14	4.139999999999997	-89.16900489	42.324469
19059	IA	Dickinson County	17.111	7.68	0	2.07	0.71	0.27	4.63	-95.15087364	43.3840075
31077	NE	Greeley County	2.429	76.5	0	0.23	74.9	0	1.3799999999999955	-98.5212524	41.5674655
31083	NE	Harlan County	3.452	57.6	0	0.45	56.2	0	0.8800000000000026	-99.40452316	40.180656
31091	NE	Hooker County	0.732	4.4	0	0.18	3.86	0	0.3600000000000003	-101.13525831	41.912
31093	NE	Howard County	6.409	122	0	0.56	120	0	2.1799999999999926	-98.51715465	41.2312925
31101	NE	Keith County	8.063	109	0	1.08	96	0	11.710000000000008	-101.66282404	41.1997585
42123	PA	Warren County	40.396	13.9	0	3.07	0.16	8.87	1.8399999999999999	-79.28097452	41.807858
45037	SC	Edgefield County	26.514	10.3	0	4.54	5.25	0	0.47000000000000064	-81.94761018	33.754013
45085	SC	Sumter County	107.48	29.4	0	14.6	11.1	0.69	3.009999999999998	-80.34139755	33.9061725
46007	SD	Bennett County	3.423	9.67	0	0.17	8.6	0	0.9000000000000004	-101.66860807	43.1854025
46013	SD	Brown County	38.785	14.6	0	3.47	2.77	7.51	0.8600000000000012	-98.3508837	45.5898625
48077	TX	Clay County	10.36	9.61	0	6.3	1.05	0	2.26	-98.20077605	33.801485
48081	TX	Coke County	3.238	6.08	0	0.37	0.38	0	5.33	-100.52948316	31.920484
48085	TX	Collin County	914.127	170	160	3.04	3.01	0.09	3.240000000000009	-96.56759597	33.193728
39103	OH	Medina County	176.395	9.61	0	3.01	0.73	0	5.869999999999999	-81.92850429	41.131959
39117	OH	Morrow County	35.074	2.92	0	0.55	0.04	0	2.33	-82.80061078	40.5335705
39119	OH	Muskingum County	86.29	21	2.88	9.89	0.19	2.3	5.710000000000004	-81.96209848	39.9685005
39127	OH	Perry County	35.985	1.57	0	0.96	0	0	0.6100000000000001	-82.22268883	39.7409025
31111	NE	Lincoln County	35.656	761	544	5.63	205	0.33	5.840000000000032	-100.73715593	41.025243
31115	NE	Loup County	0.585	12.2	0	0	11.7	0	0.5199999999999996	-99.45434132	41.896556
31125	NE	Nance County	3.595	46.6	0	0.37	44.2	0	2.0600000000000023	-97.99760769	41.4021315
31135	NE	Perkins County	2.944	111	0	0.68	109	0.46	0.7599999999999909	-101.64974758	40.83574918
31139	NE	Pierce County	7.208	79.5	0	0.69	76.4	0.79	1.6200000000000045	-97.60141343	42.264294
46017	SD	Buffalo County	2.095	8.77	0	0.1	8.37	0	0.3000000000000007	-99.22648023	44.0651245
46019	SD	Butte County	10.283	6.12	0	0.52	4.54	0	1.0599999999999996	-103.50761928	44.924943
46027	SD	Clay County	13.964	10.1	0	1.02	8.85	0	0.20999999999999908	-96.98319838	42.9002315
48109	TX	Culberson County	2.236	45.5	0	0.81	40.8	0	3.8899999999999935	-104.49143401	31.4684775
48111	TX	Dallam County	7.121	268	0	2.05	260	0	6.8700000000000045	-102.60221275	36.27331388
48115	TX	Dawson County	13.52	55.9	0	0.51	48.1	0	7.259999999999998	-101.94761477	32.7270745
48123	TX	DeWitt County	20.797	12	0	2.81	0.19	0.1	8.93	-97.30503134	29.099582
48171	TX	Gillespie County	25.963	6.23	0	2.13	2.29	0.02	1.79	-98.9465518	30.3921705
48177	TX	Gonzales County	20.573	46.6	0	29	2.83	0.49	14.199999999999996	-97.50117474	29.451151
48195	TX	Hansford County	5.61	136	0	0.96	131	0.29	4.599999999999994	-101.35463048	36.283809
39129	OH	Pickaway County	56.998	13.6	0.01	3.66	1.85	5.38	2.660000000000002	-83.0460397	39.6405935
39133	OH	Portage County	162.275	49.6	0	43.8	0.38	0.25	5.089999999999996	-81.19746734	41.167269
39157	OH	Tuscarawas County	92.916	34.2	4.55	17.7	0.36	7.78	3.859999999999996	-81.48955624	40.4397555
39171	OH	Williams County	37.12	4.99	0	2.67	0.56	0.32	1.4399999999999995	-84.59296057	41.55694648
31145	NE	Red Willow County	10.829	41.4	0	2.34	36.6	0	2.5	-100.47778857	40.193154
31163	NE	Sherman County	3.091	69.8	0	0.23	68.7	0	0.8599999999999994	-98.97603717	41.2351455
31169	NE	Thayer County	5.163	103	0	0.81	102	0.01	0.769999999999996	-97.59496601	40.1762495
31173	NE	Thurston County	7.064	9.77	0	0.6	8.25	0	0.9199999999999999	-96.5706965	42.144909
46033	SD	Custer County	8.446	9.91	0	0.28	1.59	0	8.04	-103.48183531	43.66661
46037	SD	Day County	5.539	1.93	0	0.44	0.57	0	0.9199999999999999	-97.60366414	45.36314
46043	SD	Douglas County	2.977	2.58	0	0.18	1.55	0	0.8500000000000001	-98.35267555	43.346867
46047	SD	Fall River County	6.867	3.15	0	0.66	1.57	0	0.9200000000000004	-103.52726331	43.2376625
48181	TX	Grayson County	125.467	28.2	2.19	21.6	2.03	0	2.400000000000002	-96.66195165	33.699011
40043	OK	Dewey County	4.995	7.63	0	0.11	4.42	0.05	3.0500000000000007	-99.00862031	35.9920445
40047	OK	Garfield County	63.569	7.27	0	2.87	2.15	0	2.25	-97.78283443	36.3799375
40053	OK	Grant County	4.523	4.76	0	1.26	2.41	0	1.0899999999999999	-97.78626862	36.782013
27017	MN	Carlton County	35.569	9.88	0	1.51	0.07	6.78	1.5200000000000014	-92.6732742	46.59199
27041	MN	Douglas County	37.075	7.46	0	2.2	3.06	0.2	2.000000000000001	-95.4524783	45.93324
31175	NE	Valley County	4.154	79.3	0	1.25	76	0.58	1.4099999999999966	-98.98168155	41.53378
31179	NE	Wayne County	9.367	32.6	0	0.87	30.6	0	1.1099999999999994	-97.09549377	42.2228365
31183	NE	Wheeler County	0.75	56.8	0	0.04	54.6	0	2.210000000000008	-98.528115	41.9143775
32017	NV	Lincoln County	5.036	60.7	0	1.16	59.2	0	0.37000000000000455	-114.97267086	37.760931
32021	NV	Mineral County	4.478	10.5	0	1.05	9.4	0	0.08999999999999986	-118.30589726	38.4868605
34025	NJ	Monmouth County	628.715	80.7	0	71.2	3.69	0.88	4.969999999999999	-74.18847004	40.278756
46051	SD	Grant County	7.142	10.5	2.39	0.63	3.36	2.92	1.1600000000000001	-96.77372143	45.1514785
46065	SD	Hughes County	17.555	20.4	0	2.67	17.2	0	0.5400000000000027	-99.91027745	44.3231145
48197	TX	Hardeman County	3.84	12	0	0.07	11	0.11	0.8000000000000007	-99.73648107	34.342703
48205	TX	Hartley County	6.193	304	0	1.02	296	0	7.560000000000002	-102.60201203	35.9464005
48209	TX	Hays County	194.739	13.4	0	8.21	0.4	0.11	4.66	-98.02273078	30.0570575
27059	MN	Isanti County	38.429	3.72	0	1.32	0.51	0.13	1.7599999999999998	-93.32648811	45.571841
27065	MN	Kanabec County	15.837	1.47	0	0.38	0.01	0	1.08	-93.33035391	45.9353535
27083	MN	Lyon County	25.673	6.1	0	2.7	0.19	1.63	1.580000000000001	-95.83668119	44.3927285
27093	MN	Meeker County	23.102	5.64	0	1.25	2.43	0.09	1.8700000000000006	-94.50649316	45.1026045
27099	MN	Mower County	39.116	8.78	0	5.87	1	0	1.9099999999999993	-92.74946947	43.674111
35005	NM	Chaves County	65.764	152	0	11.6	131	0	9.870000000000005	-104.3353371	33.2854755
35009	NM	Curry County	50.398	140	0	5.2	128	0	6.8300000000000125	-103.37475085	34.63511701
35015	NM	Eddy County	57.578	163	0	13.4	137	0.93	11.329999999999984	-104.28712881	32.4451185
35035	NM	Otero County	64.362	31	0	6.69	20.9	0	3.3799999999999955	-105.86448967	32.672256
46071	SD	Jackson County	3.321	1.14	0	0.13	0.47	0	0.5400000000000001	-101.63133526	43.6919035
46079	SD	Lake County	12.622	2.11	0	0.81	0.69	0	0.6100000000000003	-97.12936981	44.018636
48219	TX	Hockley County	23.433	135	0	0.5	102	1	31.39	-102.34333481	33.6197205
48233	TX	Hutchinson County	21.734	57.2	0	5.3	45.9	4.44	1.5500000000000043	-101.3545411	35.8472685
48247	TX	Jim Hogg County	5.2	1.3	0	0.67	0.07	0	0.56	-98.71054273	27.0718015
48249	TX	Jim Wells County	41.382	6.91	0	3.95	1.37	0.07	1.5199999999999996	-98.0871214	27.663079
48253	TX	Jones County	19.97	12.6	0	8.07	2.26	0	2.2799999999999994	-99.87875526	32.7388625
22113	LA	Vermilion Parish	59.875	152	0	7.07	102	0.89	42.40000000000002	-92.29619414	29.8747455
26053	MI	Gogebic County	15.431	8.98	0	1.48	0	0.17	7.329999999999998	-89.76411694	46.4311055
08071	CO	Las Animas County	14.058	33.9	0	3.46	21.1	0	9.330000000000002	-103.9217649	37.4051555
27113	MN	Pennington County	14.219	2.2	0	1.07	0.47	0	0.6600000000000001	-96.04690003	48.0716285
27117	MN	Pipestone County	9.271	3.61	0	1.81	0.29	0	1.5099999999999998	-96.25892442	44.023207
27121	MN	Pope County	11.041	22.1	0	0.55	20.3	0.04	1.2300000000000004	-95.44904978	45.592123
27131	MN	Rice County	65.4	8.59	0.31	5.54	0.68	0.16	1.9000000000000004	-93.28254776	44.356128
27151	MN	Swift County	9.34	15.9	0	0.79	13.9	0.4	0.7899999999999974	-95.68651185	45.267991
48415	TX	Scurry County	17.615	46.5	0	0.13	5.56	0.13	40.64	-100.91600374	32.8066035
48421	TX	Sherman County	3.072	226	0	0.44	220	0	5.02000000000001	-101.89331059	36.2826035
48429	TX	Stephens County	9.44	41.8	0	9.32	0.12	0	32.39	-98.83597743	32.7350005
48431	TX	Sterling County	1.352	2.5	0	0.19	0.82	0	1.49	-101.04499601	31.833211
48445	TX	Terry County	12.739	90	0	0.17	79.9	0.01	9.870000000000005	-102.3352216	33.2099225
48483	TX	Wheeler County	5.657	19.4	0	1.14	13.6	0	4.689999999999998	-100.26965852	35.405348
48493	TX	Wilson County	47.52	16.9	0	5.69	9.35	0.04	1.8399999999999999	-98.08311771	29.166879
46081	SD	Lawrence County	24.827	15.3	0	2.35	1.1	0	11.86	-103.81231079	44.38484265
47007	TN	Bledsoe County	14.502	3.52	0	2.19	0.3	0	1.0299999999999998	-85.2673626	35.562994
48257	TX	Kaufman County	114.69	3.15	0	0.85	0.31	0	1.9900000000000004	-96.29912808	32.5953265
48267	TX	Kimble County	4.388	3.48	0	0.45	2.17	0.55	0.3100000000000005	-99.7102036	30.4859115
48271	TX	Kinney County	3.549	3.87	0	0.82	2.83	0	0.2200000000000002	-100.41080025	29.3534935
27159	MN	Wadena County	13.875	15.9	0	0.93	14.2	0	0.7199999999999989	-94.96772487	46.5940305
27161	MN	Waseca County	18.989	3.85	0	1.67	0.05	0.76	1.3699999999999997	-93.58728788	44.034773
28031	MS	Covington County	19.543	5.24	0	1.86	0.55	1.09	1.7399999999999993	-89.5779136	31.6151195
28035	MS	Forrest County	75.944	15	0	12.1	0.79	1.29	0.8000000000000007	-89.24715292	31.176598
28043	MS	Grenada County	21.578	10.1	0	3.96	1.05	4.95	0.15000000000000036	-89.82192444	33.7858885
50003	VT	Bennington County	36.317	7.11	0	3.3	0.38	0.46	2.9700000000000006	-73.13640584	43.02686134
50023	VT	Washington County	58.612	4.31	0	1.85	0.18	0.84	1.4400000000000004	-72.61380652	44.2615545
51013	VA	Arlington County	229.164	0.13	0	0	0.13	0	0	-77.1079871	38.881344
51063	VA	Floyd County	15.651	1.74	0	0.11	0.07	0	1.5600000000000003	-80.40833705	36.9111085
51081	VA	Greensville County	11.885	1.69	0	0.03	0.15	0	1.51	-77.57293129	36.7213355
51133	VA	Northumberland County	12.232	2.48	0	0.14	0.06	1.74	0.54	-76.38692936	37.85503902
51147	VA	Prince Edward County	22.952	2.56	0	1.11	0.15	0	1.3	-78.45843686	37.2434865
51159	VA	Richmond County	8.908	0.93	0	0.36	0.11	0	0.4600000000000001	-76.73414375	37.96033
51165	VA	Rockingham County	78.593	36.9	0	14.8	1.82	8.67	11.68	-78.94025709	38.5286505
47017	TN	Carroll County	27.91	6.27	0	2.48	0.7	1.01	2.08	-88.45561708	35.971287
47027	TN	Clay County	7.771	14.3	0	0.86	0.01	0	13.459999999999999	-85.5347366	36.51422
47047	TN	Fayette County	39.165	7.4	0	1.47	1.96	2.24	1.7300000000000004	-89.414097	35.203917
48283	TX	La Salle County	7.631	17.8	0	1.36	1.65	0	14.769999999999998	-99.09780581	28.3000445
48291	TX	Liberty County	79.654	23.9	0	6.42	12.6	0.15	4.729999999999997	-94.8643415	30.1885955
48295	TX	Lipscomb County	3.569	33.5	0	0.81	31.4	0	1.3099999999999952	-100.27320104	36.324534
48297	TX	Live Oak County	12.229	7.06	0	2.76	0.86	0.81	2.63	-98.13681277	28.4065335
48305	TX	Lynn County	5.724	59.8	0	0.15	58.6	0	1.1199999999999974	-101.81659501	33.200034
28069	MS	Kemper County	9.969	10.6	0	1.78	0.12	0.02	8.66	-88.64153894	32.75138891
28073	MS	Lamar County	60.618	7.88	0.47	5.92	0.2	0.02	1.2700000000000005	-89.5011826	31.1995425
28077	MS	Lawrence County	12.622	39.5	0	1.72	0.72	36.7	0.4299999999999997	-90.1102638	31.535629
28097	MS	Montgomery County	10.152	2.13	0	1.3	0.63	0	0.20000000000000018	-89.64585767	33.4802825
28101	MS	Newton County	21.747	3.78	0	2.47	0.59	0	0.7199999999999998	-89.11886277	32.418834
51510	VA	Alexandria City	153.511	0.55	0	0.02	0.01	0	0.52	-77.0904472	38.814904
51530	VA	Buena Vista City	6.618	1.06	0	1.06	0	0	0	-79.3562361	37.7285785
51580	VA	Covington City	5.658	2.14	0	2.14	0	0	0	-79.98876664	37.780654
51600	VA	Fairfax City	24.013	0	0	0	0	0	0	-77.30216393	38.8519705
51620	VA	Franklin City	8.49	0.93	0	0.87	0	0	0.06000000000000005	-76.93265062	36.677037
47061	TN	Grundy County	13.441	1.92	0	1.63	0.19	0	0.10000000000000009	-85.68607281	35.373493
47069	TN	Hardeman County	25.707	3.72	0	2.2	0.38	0	1.1400000000000001	-88.98662448	35.217676
48307	TX	McCulloch County	8.341	9.11	0	2.69	1.98	0.03	4.409999999999999	-99.3468589	31.1824615
48325	TX	Medina County	48.417	41.8	0	6.65	33.9	0.01	1.259999999999998	-99.10877148	29.384784
51590	VA	Danville City	42.082	5.53	0	5.36	0.17	0	0	-79.4163849	36.592376
54051	WV	Marshall County	31.978	204	76	4.67	0.04	119	4.27000000000001	-80.65577777	39.87893934
28015	MS	Carroll County	10.243	12.7	0	0.86	11.4	0	0.4300000000000015	-89.96159177	33.43436
50021	VT	Rutland County	59.736	14.4	0	4.37	0.4	4.86	4.82	-73.02818439	43.575103
46069	SD	Hyde County	1.397	0.8	0	0.11	0.1	0	0.5900000000000001	-99.48212667	44.537955
29043	MO	Christian County	83.279	10.1	0	6.55	0.08	0.29	3.1799999999999997	-93.12200184	36.9547035
29071	MO	Franklin County	102.426	1270	1260	6.94	1.47	0.35	3.650000000000091	-91.05211111	38.4554895
13231	GA	Pike County	17.941	5.41	0	2.97	1.15	0	1.290000000000001	-84.38323516	33.0894225
13321	GA	Worth County	20.699	25.8	0.03	1.01	23.5	0	1.2900000000000027	-83.83331721	31.583795
54079	WV	Putnam County	56.848	36.9	33.3	2.61	0.11	0	0.8800000000000026	-81.88967605	38.475116
55027	WI	Dodge County	88.502	12	0	6.3	0.67	1.17	3.8099999999999987	-88.70325138	43.427657
55055	WI	Jefferson County	84.559	19.8	0	5.71	6.44	2.34	5.310000000000004	-88.7769386	43.0213935
01127	AL	Walker County	65.294	710	664	43.9	0.72	0	1.2300000000000182	-87.276587	33.7599355
04019	AZ	Pima County	1010.025	300	1.81	175	92.3	2.36	28.21999999999997	-111.78079366	31.968145
29155	MO	Pemiscot County	17.482	145	0	2.13	143	0	0	-89.81841073	36.21377413
29186	MO	Ste. Genevieve County	17.919	8.17	0	1.43	0.24	1.89	4.61	-90.19939448	37.89355
17057	IL	Fulton County	35.699	279	275	2.55	0.07	0	1.2199999999999704	-90.17690596	40.4496325
17085	IL	Jo Daviess County	22.086	5.76	0	2.03	0.56	1.65	1.5200000000000005	-90.18021106	42.346039
55083	WI	Oconto County	37.435	6.66	0	1.36	1.05	1.4	2.85	-88.30364258	45.0268525
13017	GA	Ben Hill County	17.403	6.16	0	2.46	3.27	0	0.4299999999999997	-83.1608456	31.7515945
42131	PA	Wyoming County	27.8	11.4	0	0.66	0.14	9.3	1.3199999999999985	-76.00955114	41.518187
05033	AR	Crawford County	61.703	32.3	0	28.9	2.49	0	0.990000000000002	-94.24159963	35.55913126
05125	AR	Saline County	117.46	33.5	0	29.6	2.25	0.25	1.3900000000000006	-92.66027247	34.6344375
33019	NH	Sullivan County	42.967	5.24	0	2.71	0.11	0.38	2.0400000000000005	-72.23723348	43.3650845
36083	NY	Rensselaer County	160.266	32.2	0.34	21.6	0.55	3.64	6.009999999999998	-73.48951948	42.71373
46137	SD	Ziebach County	2.803	0.67	0	0.04	0	0	0.63	-101.56817589	44.9719565
47151	TN	Scott County	21.95	2.65	0	2.53	0.02	0	0.10000000000000009	-84.5111228	36.383579
48039	TX	Brazoria County	346.312	771	3.65	21.1	47.1	681	18.00999999999999	-95.45657066	29.2096155
17119	IL	Madison County	266.209	336	238	52.4	0.74	41.9	3.2100000000000364	-89.8558742	38.8227885
17143	IL	Peoria County	186.221	447	253	24	1.06	167	1.9700000000000273	-89.76930357	40.743187
41069	OR	Wheeler County	1.358	25.9	0	0.17	25.5	0	0.26000000000000156	-120.0195347	44.701467
42109	PA	Snyder County	40.444	5.12	0	1.6	0.36	0.04	3.12	-77.10642938	40.76191
08025	CO	Crowley County	5.562	14	0	1	11.9	0	1.1500000000000004	-103.77816767	38.2947825
12005	FL	Bay County	181.635	224	171	47.6	3.08	0.14	2.319999999999993	-85.66557665	30.24628007
37045	NC	Cleveland County	96.879	20.8	5.97	12.3	1.43	0	1.1899999999999977	-81.55794484	35.370643
37073	NC	Gates County	11.431	4.16	0	0.85	2.98	0	0.33000000000000007	-76.70907673	36.4205845
18025	IN	Crawford County	10.483	2.61	0	1.64	0	0.58	0.3900000000000001	-86.42290331	38.264702
18153	IN	Sullivan County	20.928	432	422	1.36	2.98	0	5.909999999999968	-87.42222315	39.0804365
46031	SD	Corson County	4.197	1.67	0	0.18	0.27	0	1.22	-101.1572659	45.71616
46135	SD	Yankton County	22.702	11.3	0	1.11	9.53	0	0.6400000000000006	-97.39784913	42.981274
13045	GA	Carroll County	114.545	14.2	0	11.3	0.3	0	2.539999999999999	-85.11814791	33.622028
13087	GA	Decatur County	27.174	61.8	0	2.43	56.2	1.19	2.030000000000001	-84.57224847	30.882441
37105	NC	Lee County	59.66	11.1	0	7.41	1.96	0.49	1.2199999999999989	-79.1892035	35.467693
39015	OH	Brown County	43.839	5.3	0	3.06	0.01	0	2.23	-83.85556249	38.9415615
36085	NY	Richmond County	474.558	368	368	0	0.18	0	0	-74.14597167	40.57198379
36117	NY	Wayne County	91.446	448	435	7.84	1.46	0.33	2.8500000000000796	-77.04141515	43.172721
47023	TN	Chester County	17.471	1.92	0	0.93	0.21	0.09	0.69	-88.60133513	35.4232115
47175	TN	Van Buren County	5.677	0.13	0	0	0.02	0	0.11	-85.46537441	35.6519915
13253	GA	Seminole County	8.647	45.3	0	0.5	44.3	0	0.5300000000000011	-84.85044987	30.891708
16017	ID	Bonner County	41.859	18	0	1.71	7.27	0.93	8.100000000000001	-116.54253893	48.3403625
39029	OH	Columbiana County	104.806	13.6	0	9.18	0.25	0	4.15	-80.80303512	40.7630285
39145	OH	Scioto County	76.825	10.6	0	8.6	0.16	1.67	0.1999999999999993	-82.96171497	38.7983805
37079	NC	Greene County	21.134	8.48	0	1.07	4.98	0	2.4299999999999997	-77.66755739	35.499746
37109	NC	Lincoln County	81.035	11.7	0	6.63	1.53	0	3.549999999999999	-81.2179014	35.484708500000004
41067	OR	Washington County	574.326	204	0	50	148	0.07	5.470000000000027	-123.0981553	45.548927
45033	SC	Dillon County	31.234	6.41	0	4.56	0.89	0	0.96	-79.39241899	34.42944645
16055	ID	Kootenai County	150.346	132	0.78	34.7	85.7	0.78	9.789999999999992	-116.68271338	47.6790925
17025	IL	Clay County	13.428	1.27	0	0.01	0.03	0	1.23	-88.47730717	38.7488965
41029	OR	Jackson County	212.567	494	0	39	334	0	121.69	-122.75647564	42.4978895
41041	OR	Lincoln County	47.038	31.9	0	8.65	2.01	11	10.260000000000002	-123.83098325	44.6641135
37197	NC	Yadkin County	37.585	15	0	1.36	0.6	0	13.05	-80.65734224	36.1654
38029	ND	Emmons County	3.402	7.87	0	0.43	6.62	0	0.8200000000000003	-100.24649564	46.2880235
53023	WA	Garfield County	2.219	1.33	0	0.57	0.55	0.01	0.19999999999999996	-117.54731179	46.3609565
01011	AL	Bullock County	10.696	4.39	0	2.11	2	0	0.28000000000000025	-85.71304691	32.090338
17083	IL	Jersey County	22.372	1.4	0	1.08	0.12	0	0.20000000000000018	-90.37058451	39.093955
17111	IL	McHenry County	307.343	33.2	0	18.7	3.27	1.22	10.030000000000001	-88.45226321	42.3241905
41053	OR	Polk County	79.391	73	0	4.96	64.8	0	3.250000000000014	-123.42867261	44.8955005
42025	PA	Carbon County	63.96	25.4	0	23.3	0.27	0.07	1.7399999999999984	-75.75196461	40.932027
38057	ND	Mercer County	8.853	459	440	6.67	1.74	7.35	3.159999999999968	-101.71256823	47.276896
39081	OH	Jefferson County	67.347	1800	1780	8.77	0.08	4.86	0.8100000000001728	-80.7424058	40.37766886
01079	AL	Lawrence County	33.115	11.5	0	7.73	2.58	0	1.2199999999999989	-87.31819699	34.5396955
13097	GA	Douglas County	140.733	18.2	0	17.5	0.38	0	0.3099999999999987	-84.76803182	33.6881085
29197	MO	Schuyler County	4.436	0.33	0	0	0	0	0.33	-92.527455990000007	40.4704585
30083	MT	Richland County	11.96	356	30.2	1.18	322	0.12	1.9700000000000841	-104.63894109	47.75420611
34011	NJ	Cumberland County	155.854	90.2	0	15.7	18.5	14	42.02000000000002	-75.12470901	39.372662
17169	IL	Schuyler County	7.032	1.97	0	0.92	0.22	0	0.8300000000000001	-90.62701476	40.133107
17193	IL	White County	14.327	13.8	0	1.08	11.2	0	1.5	-88.16807275	38.0747295
42077	PA	Lehigh County	360.685	47.7	0	34.6	0.82	5.22	7.1200000000000045	-75.5825351	40.6020075
46053	SD	Gregory County	4.201	1.91	0	0.26	0.73	0	0.9200000000000002	-99.24294494	43.2494215
39113	OH	Montgomery County	532.258	89	0.1	81.1	2.23	3.6	1.9000000000000057	-84.29156824	39.747935
39141	OH	Ross County	77.17	43.2	0	9.48	0.45	31.6	1.7000000000000028	-83.06487107	39.3425405
13155	GA	Irwin County	9.245	16.8	0	0.44	15.8	0	0.6300000000000026	-83.26805487	31.621573
13281	GA	Towns County	11.182	1.99	0	1.54	0.09	0	0.3600000000000001	-83.72459677	34.891792
20005	KS	Atchison County	16.398	4.94	0	4.23	0.22	0	0.4900000000000002	-95.33773365	39.53620311
20103	KS	Leavenworth County	79.315	29.4	0	28.8	0.27	0	0.35999999999999943	-95.04047276	39.179673
46102	SD	Oglala Lakota County	14.373	1.48	0	1.1	0	0	0.3799999999999999	-102.55546978	43.3358765
47077	TN	Henderson County	28.015	0.56	0	0.31	0.03	0	0.22000000000000008	-88.40048888	35.6209035
37009	NC	Ashe County	27.02	5.57	0	0.67	3.06	0	1.8399999999999994	-81.49939861	36.414239
37115	NC	Madison County	21.139	3.09	0	0.93	1.06	0	1.0999999999999996	-82.66547208	35.871567
29087	MO	Holt County	4.484	22.7	0	0.4	22.1	0.08	0.10000000000000497	-95.23257788	40.0632755
40051	OK	Grady County	54.648	39	0	2.4	27.8	0.56	8.170000000000009	-97.88178118	35.0367405
40109	OK	Oklahoma County	776.864	124	6.15	104	3.44	0.46	9.949999999999989	-97.40746575	35.554246
31017	NE	Brown County	2.946	70.1	0	0.49	67.6	0	2.0500000000000114	-99.9295802	42.4559335
48505	TX	Zapata County	14.374	4.06	0	2.2	0.92	0	0.9400000000000004	-99.17203804	26.9479795
21091	KY	Hancock County	8.692	28.6	0	0.53	0.25	27.6	0.21000000000000085	-86.75745598	37.82701
21233	KY	Webster County	13.17	8.48	5.64	2.02	0.17	0	0.6500000000000004	-87.69749012	37.4978295
48147	TX	Fannin County	33.693	14.6	0	2.6	10.5	0.14	1.370000000000001	-96.11936766	33.609773
48159	TX	Franklin County	10.651	9.02	0	2.77	0.07	0	6.18	-95.21644858	33.176122
27025	MN	Chisago County	54.293	4.46	0	2	0.24	0	2.2199999999999998	-92.87386391	45.5133425
27079	MN	Le Sueur County	27.663	5.13	0	2.32	0.47	0.47	1.87	-93.74337749	44.368552
55063	WI	La Crosse County	118.212	32.5	12.7	14.2	0.55	1.78	3.2200000000000024	-91.12770409	43.908302
72077	PR	Juncos Municipio	39.754	1.75	0	1.44	0	0.15	0.15999999999999992	-65.91388113	18.206687
22061	LA	Lincoln Parish	47.774	8.87	0	7.18	0	0.21	1.4800000000000013	-92.64169379	32.6059395
26031	MI	Cheboygan County	25.427	3.45	0	0.98	0.31	0.69	1.4699999999999998	-84.48993553	45.507654
41065	OR	Wasco County	25.775	82.2	0	5.34	49	0	27.799999999999997	-121.25241966	45.2625545
42103	PA	Pike County	55.949	4.38	0	3.05	0.18	0	1.149999999999999	-75.05220238	41.3407405
45059	SC	Laurens County	66.623	6.94	0	4.91	0.04	0	1.9899999999999993	-81.98296331	34.4966615
50005	VT	Caledonia County	30.78	5.09	0.27	1.77	0.08	0.43	2.5399999999999996	-72.11632565	44.474119
51089	VA	Henry County	51.881	5.14	0	2.86	0.11	0.01	2.16	-79.98600631	36.700038
27111	MN	Otter Tail County	57.716	81.1	22.6	3.44	49.7	1.32	4.050000000000011	-95.71799685	46.405276
29045	MO	Clark County	6.801	4.71	0	0.69	3.7	0	0.3199999999999994	-91.7324275	40.4309135
01081	AL	Lee County	156.993	20.2	0	15.8	3.17	0	1.1799999999999997	-85.36239826	32.578144
24510	MD	Baltimore City	621.849	42.2	42	0	0	0.09	0.06999999999999318	-76.62048367	39.283967
49037	UT	San Juan County	15.772	23.3	0	1.41	14.3	0.32	7.27	-109.74493112	37.748672
51041	VA	Chesterfield County	335.687	951	860	39.9	0.75	47.2	3.0499999999999545	-77.63004754	37.389195
13135	GA	Gwinnett County	895.823	2.23	0	0.64	1.34	0	0.25	-84.04527895	33.960268
26105	MI	Mason County	28.783	34.2	1.17	2.45	2.96	24.7	2.9200000000000017	-86.26004905	43.99620712
26125	MI	Oakland County	1242.304	49.8	0	19.1	3.94	2.85	23.889999999999997	-83.3867428	42.6568355
08123	CO	Weld County	285.174	417	4.91	28.3	366	0.25	16.710000000000036	-104.54576164	40.4921125
13061	GA	Clay County	3.141	4.22	0	0.25	3.83	0	0.13999999999999968	-85.00967216	31.633217
29073	MO	Gasconade County	14.858	2.29	0	0.82	0.43	0	1.0399999999999996	-91.50572942	38.4287775
29127	MO	Marion County	28.88	9.87	0	3.66	3.6	2.09	0.5199999999999996	-91.60794753	39.80520969
31107	NE	Knox County	8.543	57.6	0	0.97	53.7	0.22	2.6599999999999966	-97.89536979	42.6539605
13299	GA	Ware County	35.37	5.42	0	2.74	1.37	0.86	0.4499999999999993	-82.37510976	31.033523
17089	IL	Kane County	530.847	69.6	0	61.8	1.34	0.6	5.899999999999984	-88.43205236	41.931532
26151	MI	Sanilac County	41.475	5.98	0	1.56	0.97	0.33	3.119999999999999	-82.822927	43.421046
27115	MN	Pine County	29.069	2.84	0	0.85	0.13	0	1.8599999999999999	-92.6757464	46.073683
13091	GA	Dodge County	20.882	9.33	0	1.39	6.8	0.02	1.120000000000001	-83.14994414	32.177517
13119	GA	Franklin County	22.311	4.65	0	1.95	0.97	0	1.7300000000000004	-83.24336781	34.381817
31131	NE	Otoe County	15.984	502	496	2.54	2.79	0	0.5499999999999545	-96.12402893	40.6552625
49031	UT	Piute County	1.517	38.3	0	0.71	37.1	0	0.5499999999999972	-112.09296527	38.327846
17133	IL	Monroe County	33.879	2.55	0	0.37	0.72	0	1.46	-90.1414414	38.30524
36089	NY	St. Lawrence County	111.007	31	13.8	6.95	0.49	5.13	4.649999999999999	-75.165906	44.52549204
27143	MN	Sibley County	14.875	3.44	0	1.45	0.05	0.5	1.4399999999999995	-94.26578739	44.5862795
28027	MS	Coahoma County	24.62	131	0	3.83	124	0	3.6899999999999977	-90.64300999	34.255814
13147	GA	Hart County	25.534	4.34	0	1.46	0.92	0	1.96	-82.95935035	34.35189707
13175	GA	Laurens County	47.731	20.9	0	3.54	3.89	11.5	1.9000000000000021	-82.92224603	32.4306995
49055	UT	Wayne County	2.692	61.7	0	0.59	46.8	0	14.240000000000002	-110.90568118	38.3299745
51183	VA	Sussex County	11.715	1.81	0	0.56	0.33	0	0.9199999999999999	-77.28172029	36.914212
38025	ND	Dunn County	4.646	4.93	0	0	1.07	0.19	3.67	-102.6524365	47.4055335
40099	OK	Murray County	13.936	11.8	0	7.77	0.66	0.05	3.299999999999999	-97.11651242	34.474131
28045	MS	Hancock County	46.42	9.03	0	4.39	0.05	1.8	2.790000000000002	-89.51266946	30.410806
29003	MO	Andrew County	17.296	18.8	0	18.1	0.34	0	0.4399999999999977	-94.80202026	39.975154
46101	SD	Moody County	6.43	1.61	0	0.49	0.48	0	0.6400000000000001	-96.67102085	44.0221545
46119	SD	Sully County	1.426	12	0	0	11.8	0	0.2400000000000002	-100.14925807	44.7242475
47015	TN	Cannon County	13.84	1.27	0	0.68	0.03	0	0.5599999999999999	-86.05013229	35.812464
48259	TX	Kendall County	40.384	4.06	0	1.66	0.3	0	2.0999999999999996	-98.67964414	29.9159155
02164	AK	Lake and Peninsula Borough	1.563	0.34	0	0.12	0	0.21	0.010000000000000009	-156.2723117	58.274141
12091	FL	Okaloosa County	198.664	25.4	0	21.8	3.03	0	0.5599999999999987	-86.59231527	30.6895795
13005	GA	Bacon County	11.299	6.04	0	0.98	4.07	0.19	0.7999999999999998	-82.44613391	31.5646465
35053	NM	Socorro County	17.256	124	0	1.99	121	0	1.75	-106.82086073	34.0428575
38083	ND	Sheridan County	1.31	0.37	0	0.01	0.14	0	0.21999999999999997	-100.35308586	47.559994
39051	OH	Fulton County	42.537	4.36	0	2.54	0.07	0	1.7499999999999996	-84.13183302	41.6025725
40077	OK	Latimer County	10.483	1.92	0	1.4	0.1	0	0.41999999999999993	-95.25268431	34.870187
21037	KY	Campbell County	92.066	26.8	0	26.3	0.15	0	0.3299999999999983	-84.36605236	38.96385944
21161	KY	Mason County	17.099	11.4	4.96	2.73	0.01	2.84	0.8399999999999999	-83.80462409	38.6197415
47111	TN	Macon County	23.177	3.01	0	2.09	0.05	0.34	0.5300000000000002	-86.01424873	36.526964
48137	TX	Edwards County	1.894	0.66	0	0.2	0.11	0	0.35000000000000014	-100.34756066	29.9721425
48153	TX	Floyd County	5.901	75	0	0.41	73.4	0	1.1899999999999977	-101.30301307	34.0669595
48169	TX	Garza County	6.415	19.9	0	4.7	8.02	0	7.189999999999998	-101.29801075	33.19974
17117	IL	Macoupin County	46.045	4.48	0	2.96	0.14	0	1.3800000000000003	-89.92503943	39.2562225
17139	IL	Moultrie County	14.931	1.15	0	0.17	0.1	0	0.8799999999999999	-88.64104789	39.633364
18047	IN	Franklin County	22.872	4.16	0	2.62	0.02	0.15	1.37	-85.05695974	39.40042
18093	IN	Lawrence County	45.495	7.81	0.01	5.05	0	1.66	1.0899999999999999	-86.4798389	38.824604
40139	OK	Texas County	21.489	344	0	4.75	324	0.03	15.240000000000066	-101.49292306	36.748565
27165	MN	Watonwan County	10.952	4.38	0	1.29	2.31	0.07	0.7100000000000009	-94.61417064	43.9962875
28079	MS	Leake County	22.763	5.79	0	2.21	0.1	2.35	1.13	-89.52415882	32.749063
28111	MS	Perry County	12.277	24.5	0	1.23	0.43	22.3	0.5699999999999967	-88.99331322	31.170798
29103	MO	Knox County	3.91	1.53	0	0	0.34	0	1.19	-92.14778412	40.1320175
22007	LA	Assumption Parish	22.842	21.5	0	4.19	0.7	15.7	0.879999999999999	-91.05455178	29.8535725
22027	LA	Claiborne Parish	16.295	3.33	0	3.01	0.05	0	0.27	-92.98162912	32.786824
26007	MI	Alpena County	28.803	121	113	2.02	0.11	4.4	1.4500000000000028	-83.66647007	45.031638
26085	MI	Lake County	11.424	1.46	0	0.26	0	0	1.2	-85.8015381	43.9948395
48217	TX	Hill County	34.855	5.85	0	2.97	1.31	0	1.5699999999999994	-97.12107114	31.987021
48255	TX	Karnes County	14.975	17	0	2.75	0.72	0	13.510000000000002	-97.90055714	28.9475175
18105	IN	Monroe County	144.705	17.8	0	15.8	0.09	1.24	0.7399999999999984	-86.52671896	39.172197
18117	IN	Orange County	19.605	1.29	0	0	0.08	0	1.21	-86.49520883	38.541738
18137	IN	Ripley County	28.701	2.76	0	1.19	0	0	1.5699999999999998	-85.27251109	39.104876
18167	IN	Vigo County	107.896	380	362	12.2	1.51	1.65	2.5300000000000296	-87.38545243	39.434692
19011	IA	Benton County	25.658	3.6	0	1.26	0.2	0	2.14	-92.06693343	42.081137
29161	MO	Phelps County	44.794	9.64	0	2.83	0.08	0.02	6.709999999999999	-91.7751226	37.8778915
29179	MO	Reynolds County	6.432	5.13	0	0.13	0.04	0	4.96	-90.96366145	37.3210455
29209	MO	Stone County	30.943	5.68	0	3.15	0.15	0	2.38	-93.44168719	36.743594
31079	NE	Hall County	61.68	238	1.76	11.9	220	2.35	1.5700000000000216	-98.50224064	40.871003
26139	MI	Ottawa County	279.955	822	717	88.2	8.47	1.23	6.919999999999959	-86.00529823	42.9832495
26157	MI	Tuscola County	53.777	9	0	1.89	3.7	0	3.4099999999999984	-83.40367846	43.47724
48299	TX	Llano County	19.796	103	98.8	2.87	0.54	0	0.7299999999999898	-98.68910787	30.7036755
55133	WI	Waukesha County	396.488	39.3	0	19.6	2	1.03	16.650000000000002	-88.30440852	43.0178035
19065	IA	Fayette County	20.257	4.78	0	1.12	0.15	0.15	3.3600000000000003	-91.84426488	42.869283
19121	IA	Madison County	15.753	1.31	0	0.36	0.16	0	0.79	-94.01575321	41.3332965
19151	IA	Pocahontas County	7.008	2.23	0	0.48	0.02	0	1.73	-94.67854562	42.73404
19179	IA	Wapello County	35.173	22.8	5.78	7.94	0	8	1.110000000000003	-92.40958074	41.030888
20031	KS	Coffey County	8.384	20.1	18.9	0.52	0.23	0.01	0.4299999999999997	-95.73785411	38.235033
20081	KS	Haskell County	4.064	142	0	0.54	135	0.06	6.47999999999999	-100.87127251	37.5475395
31159	NE	Seward County	17.11	62	0	1.39	59.1	0	1.5599999999999952	-97.13941403	40.872386
35019	NM	Guadalupe County	4.371	23.7	0	0.58	18.4	0	4.670000000000002	-104.71005475	34.7882285
51690	VA	Martinsville City	13.645	2.06	0	2	0.06	0	0	-79.87028059	36.6775385
51820	VA	Waynesboro City	21.491	2.47	0	2.38	0.05	0	0.040000000000000036	-78.90461518	38.066292
13223	GA	Paulding County	152.238	3.1	0	0.1	0.59	0	2.41	-84.88701687	33.919611
27009	MN	Benton County	39.71	11.8	0	2.08	7.8	0	1.9199999999999982	-93.98451145	45.6942845
27057	MN	Hubbard County	20.655	15.9	0	0.67	12.3	1.72	1.209999999999999	-94.91672171	47.119582
27105	MN	Nobles County	21.77	4.43	0	2.15	0.17	0	2.11	-95.75312199	43.675914
27149	MN	Stevens County	9.796	7.92	0	0.79	5.01	0.38	1.7400000000000002	-96.00570607	45.5921675
72003	PR	Aguada Municipio	39.53	23	0	22.5	0.4	0.07	0.05000000000000071	-67.17819239	18.3642555
72017	PR	Barceloneta Municipio	24.65	3.97	0	2.66	0	1.29	0.020000000000000018	-66.56200576	18.440026
72045	PR	Comerio Municipio	19.983	3.43	0	3.37	0	0	0.05999999999999961	-66.21869172	18.2251515
20121	KS	Miami County	32.553	6.46	0	5.67	0.3	0	0.4899999999999993	-94.83861817	38.560857
20179	KS	Sheridan County	2.512	63.4	0	0.48	61	0	1.980000000000004	-100.4417143	39.351424
21061	KY	Edmonson County	12.007	1.96	0	1.67	0.01	0	0.28	-86.2302033	37.1858035
23005	ME	Cumberland County	289.977	116	62.8	25.4	1.05	11.4	15.159999999999997	-70.41365329	43.8490905
23029	ME	Washington County	31.625	47.8	0.35	1.57	7.37	27.4	11.090000000000003	-67.5502698	45.042166
26113	MI	Missaukee County	14.903	6.97	0.35	0.38	4.5	0	1.7399999999999993	-85.09571688	44.337505
42085	PA	Mercer County	114.234	31.5	0	13.7	0.45	13.4	3.990000000000002	-80.25932932	41.2898435
46003	SD	Aurora County	2.733	0.92	0	0.19	0.02	0	0.71	-98.56029276	43.713046
46061	SD	Hanson County	3.385	1.15	0	0.09	0.38	0	0.6799999999999999	-97.78660015	43.68328
48101	TX	Cottle County	1.426	4.02	0	0.21	3.5	0	0.3100000000000005	-100.28293429	34.0740485
48191	TX	Hall County	3.138	24.8	0	0.04	24.6	0	0.25	-100.68071544	34.525747
48243	TX	Jeff Davis County	2.156	2.18	0	1.12	0.67	0	0.3900000000000001	-104.16672183	30.7162045
48329	TX	Midland County	161.077	21.9	0	1.04	0.64	0.17	20.009999999999998	-102.03165255	31.8513905
28017	MS	Chickasaw County	17.328	6.46	0	1.81	2.74	0	1.9099999999999993	-88.92902218	33.9085455
28061	MS	Jasper County	16.569	7.75	0	3.29	0.03	3.28	1.1500000000000004	-89.1172795	32.0101
28099	MS	Neshoba County	29.463	5.86	0	4.47	0.02	0.04	1.33	-89.11680321	32.75526
28147	MS	Walthall County	14.638	3.16	0	2.64	0.06	0	0.45999999999999996	-90.14622547	31.1784795
29007	MO	Audrain County	26.096	21	0	2.16	17.6	0.41	0.7899999999999991	-91.76244249	39.203231
48375	TX	Potter County	121.802	7.84	0	5.46	0.47	0	1.9100000000000001	-101.89382696	35.435005
48461	TX	Upton County	3.651	29.6	0	0	5.79	0.1	23.66	-102.04432937	31.3689215
49005	UT	Cache County	120.783	167	0	26.5	123	0.46	17.42999999999998	-111.73183402	41.683686
49053	UT	Washington County	155.602	95.3	0	45.5	48.9	0.63	0.2500000000000142	-113.47642035	37.3320035
51065	VA	Fluvanna County	26.235	63.2	61.4	0.77	0.13	0	0.9299999999999926	-78.27200086	37.8492635
51520	VA	Bristol City	17.141	0.06	0	0	0.06	0	0	-82.11543165	36.6362595
26129	MI	Ogemaw County	20.937	2.52	0	0.38	0.22	0	1.9199999999999995	-84.12648928	44.3418775
26161	MI	Washtenaw County	358.88	30.3	0	18.4	2.82	1.48	7.640000000000001	-83.8374943	42.253833
27063	MN	Jackson County	10.079	2.24	0	0.56	0.07	0.62	0.9900000000000002	-95.15386064	43.67431
27087	MN	Mahnomen County	5.457	0.71	0	0.27	0.09	0	0.35	-95.80903503	47.339255
28139	MS	Tippah County	22.131	3.73	0	2.69	0.23	0.19	0.6200000000000001	-88.92065341	34.798385
48359	TX	Oldham County	2.069	5	0	0.56	3.01	0	1.4300000000000002	-102.60336395	35.44621985
20207	KS	Woodson County	3.115	1.18	0	0.3	0.06	0	0.82	-95.73882024	37.887276
31073	NE	Gosper County	1.973	74.4	1.84	0.28	71.7	0	0.5400000000000063	-99.81269924	40.539767
05097	AR	Montgomery County	8.97	1.03	0	0.52	0	0	0.51	-93.66854383	34.5456255
29025	MO	Caldwell County	9.014	1	0	0.34	0.12	0	0.54	-93.98228918	39.6504995
29053	MO	Cooper County	17.642	3.11	0	1.33	0.86	0	0.9199999999999999	-92.78931317	38.8711235
29091	MO	Howell County	40.117	5.45	0	3.01	0.16	0	2.2800000000000002	-91.89361468	36.7823605
29139	MO	Montgomery County	11.703	5.33	0	0.44	3.76	0	1.13	-91.45265751	38.8969645
51700	VA	Newport News City	182.385	27.6	0	22.2	0.18	5.18	0	-76.48915662	37.0915495
53003	WA	Asotin County	22.105	5.99	0	5.21	0.39	0.03	0.35999999999999943	-117.18764355	46.228428
29015	MO	Benton County	18.67	3.23	0	0.71	0.82	0	1.7000000000000002	-93.29817162	38.288002
29101	MO	Johnson County	53.951	10.8	0	5.14	2.2	0.11	3.3500000000000005	-93.81331915	38.748081
29153	MO	Ozark County	9.409	14.1	0	0.24	0.16	0	13.669999999999998	-92.44209063	36.665812
29213	MO	Taney County	54.592	25.6	0	8.29	0.1	1.78	15.389999999999997	-93.04016828	36.64353
16011	ID	Bingham County	44.99	866	0	1.99	842	5.26	16.780000000000086	-112.29780397	43.2369135
17035	IL	Cumberland County	10.898	1.84	0	0.27	0	0	1.57	-88.24054873	39.2747305
17101	IL	Lawrence County	16.491	14	0	0.62	12.2	0	1.1300000000000008	-87.71377824	38.7054335
29181	MO	Ripley County	13.802	15.4	0	0.63	14.1	0	0.7099999999999991	-90.85744692	36.662512
31013	NE	Box Butte County	11.337	93.2	0	1.58	90.3	0	1.3299999999999983	-103.09389942	42.2161515
31027	NE	Cedar County	8.564	69.4	0	0.65	66.3	0	2.3900000000000006	-97.25052769	42.6050815
53039	WA	Klickitat County	21.026	31.5	0	3.09	22.9	2.1	3.389999999999997	-120.7730047	45.82620282
54035	WV	Jackson County	29.237	3.05	0	1.81	0.04	0.29	0.9099999999999997	-81.69552909	38.824461
30091	MT	Sheridan County	3.687	20.2	0	0.04	19.2	0	1.0100000000000016	-104.54327614	48.69907143
31033	NE	Cheyenne County	10.167	35	0	2.16	31.1	0	1.7600000000000051	-102.99326382	41.220887
31057	NE	Dundy County	1.799	104	0	0.28	101	0	2.690000000000012	-101.68852341	40.1789825
31097	NE	Johnson County	5.173	16.5	0	1	15.1	0	0.35999999999999943	-96.26492595	40.3853435
18013	IN	Brown County	14.977	0.32	0	0	0.02	0	0.30000000000000004	-86.22589959	39.1879995
18087	IN	LaGrange County	38.809	15.3	0	0.97	7.65	0.13	6.509999999999998	-85.42598888	41.634841
18151	IN	Steuben County	34.372	4.76	0	1.36	0.85	0.12	2.4300000000000006	-85.00040022	41.64758349
19031	IA	Cedar County	18.34	4.76	0	1.04	0.04	0.02	3.6599999999999997	-91.13217897	41.772157
19087	IA	Henry County	19.95	2.97	0	2.04	0	0	0.9299999999999997	-91.54471152	40.9877415
31043	NE	Dakota County	20.781	19.3	0	2.02	11.9	4.92	0.41000000000000014	-96.57040601	42.40411948
31061	NE	Franklin County	2.985	69	0	0.67	67.9	0	0.480000000000004	-98.95264387	40.173007
31099	NE	Kearney County	6.585	181	0	0.86	178	0.7	1.5	-98.95175609	40.5207835
55049	WI	Iowa County	23.813	8.9	0	1.01	5.25	0.02	2.620000000000001	-90.13344042	43.019733
55095	WI	Polk County	43.441	9.15	0	2.02	0.31	0.56	6.26	-92.42018228	45.4692117
31105	NE	Kimball County	3.689	22.9	0	0.52	21.5	0	0.8500000000000014	-103.71466279	41.19777605
31129	NE	Nuckolls County	4.329	60.3	0	0.55	58.9	0	0.7700000000000031	-98.04721854	40.161864
31157	NE	Scotts Bluff County	36.261	164	0	5.66	152	3.32	2.140000000000015	-103.70738933	41.8508625
31185	NE	York County	13.806	141	0	1.87	138	0.48	1.0300000000000296	-97.59719728	40.872585
35041	NM	Roosevelt County	19.12	173	0	2.72	166	0	4.269999999999982	-103.49475452	34.0853655
19155	IA	Pottawattamie County	93.671	439	421	15	0.32	1.16	2.3700000000000045	-95.55026737	41.332987
20019	KS	Chautauqua County	3.402	0.9	0	0.42	0	0	0.4799999999999999	-96.24481545	37.1632495
20079	KS	Harvey County	35.073	34.1	0	9.14	23.8	0	1.1700000000000017	-97.42734613	38.0286515
31143	NE	Polk County	5.202	50.7	0	0.39	48.7	0	1.6099999999999994	-97.57000291	41.2279745
32005	NV	Douglas County	47.71	96.8	0	13.4	78.9	0.02	4.439999999999998	-119.58578336	38.82664768
35025	NM	Lea County	71.18	237	1.63	10.2	148	0.07	77.08000000000001	-103.43968481	32.79147549
28123	MS	Scott County	28.265	10.1	0	8.02	0.06	1.26	0.7199999999999989	-89.5339241	32.420059
29115	MO	Linn County	12.308	5.1	0	2.1	0.37	0	2.6299999999999994	-93.10858223	39.862937
31063	NE	Frontier County	2.624	47.1	0	0.27	45.5	0	1.3500000000000014	-100.38200883	40.514609
31181	NE	Webster County	3.625	41.5	0	0.39	39.8	0	1.3599999999999994	-98.49985423	40.173016
36037	NY	Genesee County	58.937	17.6	0.1	3.74	2.92	7.43	3.4200000000000035	-78.18650861	42.998341
36049	NY	Lewis County	26.957	6.29	1.31	1.81	0.15	1.24	1.7799999999999994	-75.49147804	43.8396635
38013	ND	Burke County	2.308	0.84	0	0.26	0.21	0.04	0.33000000000000007	-102.54602082	48.785482
38041	ND	Hettinger County	2.704	0.26	0	0	0.02	0	0.24000000000000002	-102.48679518	46.4160155
20107	KS	Linn County	9.536	611	610	1.09	0.11	0	0.6699999999999591	-94.84440366	38.21492131
20155	KS	Reno County	63.718	68.7	0.16	7.61	52.2	5.07	3.7099999999999795	-98.08703908	37.948259
21223	KY	Trimble County	8.769	12.8	9.87	2.75	0.04	0	0.15000000000000036	-85.33228276	38.6144995
13131	GA	Grady County	25.205	8.74	0	1.73	5.53	0	1.4800000000000004	-84.22888088	30.876957
36005	NY	Bronx County	1455.444	0.02	0	0	0.02	0	0	-73.86974616	40.85161794
36055	NY	Monroe County	749.6	84.3	0	53.5	1.3	11	18.450000000000003	-77.68568999	43.1538995
37151	NC	Randolph County	142.799	26.4	0	16.8	3.81	0	5.829999999999998	-79.80302041	35.7107655
38079	ND	Rolette County	14.649	2.45	0	1.59	0.24	0	0.6200000000000001	-99.85438967	48.772494
39023	OH	Clark County	135.959	24.5	0	16.2	4.73	0.05	3.509999999999998	-83.7973826	39.9052525
39139	OH	Richland County	121.707	17.3	0	14.4	0.06	0.07	2.6899999999999995	-82.55244916	40.774058
38069	ND	Pierce County	4.312	1.19	0	0.75	0.13	0	0.30999999999999994	-100.04246818	48.196187
39005	OH	Ashland County	53.213	5.83	0	2.99	0.06	0.15	2.63	-82.26743951	40.811017
39059	OH	Guernsey County	39.258	8.24	0	5.45	0.02	0	2.7700000000000005	-81.47722374	40.0249635
39075	OH	Holmes County	43.909	6.61	0	1.8	0	0.25	4.56	-81.92247397	40.5611965
13173	GA	Lanier County	10.312	2.37	0	0.36	1.38	0	0.6300000000000003	-83.07511344	31.010444
16047	ID	Gooding County	15.284	1100	0	3.59	408	2.63	688.1700000000001	-114.84067415	42.9500145
36101	NY	Steuben County	97.631	19.7	0	7.5	0.61	5.12	6.420000000000002	-77.41840244	42.293112
37063	NC	Durham County	300.952	31.8	0	27.7	2.17	0	1.860000000000003	-78.86820163	36.0501985
42015	PA	Bradford County	61.281	9.78	0	3.02	0.09	3.26	3.41	-76.5109228	41.7720075
48021	TX	Bastrop County	80.527	305	290	10.6	3.39	0.07	1.1200000000000045	-97.32445375	30.1030985
48129	TX	Donley County	3.499	24.1	0	0.38	22.9	0	0.8000000000000043	-100.81396193	34.9759145
48193	TX	Hamilton County	8.159	1.94	0	0.16	0.35	0	1.43	-98.10866035	31.700724
19037	IA	Chickasaw County	12.097	4.39	0	1.06	0.1	1.11	2.12	-92.3176931	43.060291
39115	OH	Morgan County	14.777	15	0	0.64	0	13.5	0.8499999999999996	-81.81136087	39.6037415
40025	OK	Cimarron County	2.216	139	0	0.34	137	0	1.9799999999999898	-102.51703388	36.7408675
40059	OK	Harper County	3.754	19.6	0	0.6	18	0	1.0500000000000007	-99.6494176	36.808259
40083	OK	Logan County	45.996	7.66	0	2.61	1.99	0.01	3.0500000000000007	-97.43883459	35.944325
17001	IL	Adams County	67.013	18.6	0	10.4	1	5.68	1.5399999999999991	-91.18559856	39.9751605
17039	IL	De Witt County	16.247	754	752	1.31	0.08	0	1.1299999999999955	-88.90764796	40.16629
17087	IL	Johnson County	12.762	1.57	0	0.86	0.12	0	0.5900000000000003	-88.87731869	37.452966
37107	NC	Lenoir County	58.106	14.4	0	8.81	3.41	0.31	1.8199999999999985	-77.67612334	35.218339
38031	ND	Foster County	3.356	3.53	0	0.43	2.7	0.02	0.37999999999999945	-98.88297424	47.4543645
38075	ND	Renville County	2.571	1.05	0	0	0	0	1.05	-101.75906353	48.727404
19123	IA	Mahaska County	22.324	4.91	0	2.58	0.02	0	2.31	-92.64088942	41.3355645
20011	KS	Bourbon County	14.712	2.96	0	2.08	0.02	0	0.8599999999999999	-94.84810646	37.85481352
20195	KS	Trego County	2.927	5.64	0	0.68	4.49	0	0.47000000000000064	-99.87286407	38.924842
21157	KY	Marshall County	31.101	19.6	0	4.1	0.12	14.9	0.5100000000000016	-88.33308536	36.9063825
26057	MI	Gratiot County	41.54	11.2	0	1.6	6.84	0	2.7699999999999996	-84.60235906	43.2779115
13153	GA	Houston County	150.033	33.7	0	23.8	6.03	2.69	1.279999999999994	-83.64504556	32.4879145
46025	SD	Clark County	3.659	3.82	0	0.16	2.46	0	1.2000000000000002	-97.7341773	44.841019
46091	SD	Marshall County	4.769	1.83	0	0.22	0.07	0	1.5399999999999998	-97.60340183	45.7479265
46129	SD	Walworth County	5.443	1.57	0	0.42	0.7	0	0.44999999999999996	-100.00608858	45.4202905
48031	TX	Blanco County	11.004	2.81	0	0.78	1.2	0	0.8299999999999996	-98.40497111	30.231417
48059	TX	Callahan County	13.557	1.65	0	0.25	0.25	0	1.15	-99.37400532	32.2905575
17163	IL	St. Clair County	264.052	37.2	12.9	17.3	0.56	0	6.440000000000001	-89.92943763	38.4336885
38093	ND	Stutsman County	21.103	10.6	0.42	3.32	3.49	2.5	0.8899999999999988	-98.9429574	46.968958
39003	OH	Allen County	104.425	27.6	0	18.2	0.34	4.35	4.699999999999999	-84.13855213	40.7744285
39063	OH	Hancock County	75.573	15.1	0	11.3	0.15	0	3.6999999999999993	-83.65055889	41.003427
39101	OH	Marion County	65.355	11.2	0	6.14	0.2	0.01	4.880000000000001	-83.18853937	40.579897
18011	IN	Boone County	63.344	4.72	0	2.01	0.42	0.01	2.2800000000000002	-86.46861789	40.056182
18135	IN	Randolph County	25.172	6.86	0	2.18	0.01	2.74	1.9300000000000006	-85.01166411	40.166315
39109	OH	Miami County	104.224	18.3	0	10.9	1.03	0	6.380000000000001	-84.23283528	40.031035
40015	OK	Caddo County	29.343	74.2	1.3	7.15	61.6	0.01	4.109999999999999	-98.35467324	35.1964635
48117	TX	Deaf Smith County	18.952	112	0	4.25	97.6	0	10.150000000000006	-102.60522269	34.99233704
48237	TX	Jack County	8.878	4.53	0	0.55	0.08	0	3.8999999999999995	-98.17063808	33.2295815
48265	TX	Kerr County	50.955	8.28	0	5.58	0.93	0	1.7699999999999996	-99.3053609	30.029107
48293	TX	Limestone County	23.32	19.7	13.8	1.95	0.01	0	3.99	-96.5477958	31.5109905
48465	TX	Val Verde County	48.988	11.4	0	7.18	2.5	0	1.67	-101.04932584	29.763399
48503	TX	Young County	18.27	26.1	19.7	2.76	0.55	0	3.0600000000000023	-98.68815562	33.180098
49039	UT	Sanpete County	28.778	207	0	4.9	197	0.7	4.689999999999998	-111.52421765	39.4300275
51083	VA	Halifax County	35.125	15.8	10.6	2.1	0.78	0	2.4000000000000004	-78.9187665	36.799498
18089	IN	Lake County	487.865	1270	1	76	4.45	1180	6.529999999999973	-87.37261756	41.43954412
18107	IN	Montgomery County	38.227	6.16	0	3.61	0.18	0.63	1.7399999999999993	-86.8939803	40.039484
18161	IN	Union County	7.182	0.75	0	0.35	0.06	0	0.3399999999999999	-84.92516764	39.62240904
19021	IA	Buena Vista County	20.493	8.06	0	3.57	0.05	1.28	3.1599999999999993	-95.15071048	42.7416025
39149	OH	Shelby County	48.901	10.5	0	3.49	2.03	0.38	4.6400000000000015	-84.21924451	40.331054
40011	OK	Blaine County	9.833	13	0	1.07	5.74	0.23	5.970000000000001	-98.41954474	35.850071
40049	OK	Garvin County	27.755	9.9	0	1.99	0.7	0	7.210000000000001	-97.2476357	34.680786
40097	OK	Mayes County	40.887	58.5	10.1	47.1	0	0	1.240000000000002	-95.22060696	36.289144
29055	MO	Crawford County	24.526	2.89	0	1.28	0.04	0.01	1.56	-91.31058759	37.953503
29137	MO	Monroe County	8.583	6.57	0	4.71	1.24	0	0.6199999999999992	-92.00914576	39.5007895
31165	NE	Sioux County	1.26	29.3	0	0.08	27.7	0	1.5500000000000043	-103.76674239	42.504822
48463	TX	Uvalde County	27.245	38.4	0	3.63	32.7	0	2.0999999999999943	-99.76236919	29.283413
51595	VA	Emporia City	5.496	0.7	0	0.69	0	0	0.010000000000000009	-77.5348655	36.6953725
51678	VA	Lexington City	7.262	0	0	0	0	0	0	-79.4446706	37.781393
53053	WA	Pierce County	843.954	181	0	110	5.79	12.2	52.639999999999986	-122.03479414	47.024741
53069	WA	Wahkiakum County	4.042	0.55	0	0.32	0.1	0	0.13	-123.34288559	46.26515392
08095	CO	Phillips County	4.349	75.1	0	0.8	73.6	0	0.6400000000000006	-102.35852485	40.5755165
12003	FL	Baker County	27.42	3.62	0	0.9	0.35	0.15	2.22	-82.31504655	30.36056591
19069	IA	Franklin County	10.295	5.07	0	0.67	0.14	0	4.26	-93.26238064	42.738227
19107	IA	Keokuk County	10.163	3.55	0	1.24	0	0	2.3100000000000005	-92.17904028	41.336852
19145	IA	Page County	15.527	3.04	0	1.78	0.01	0	1.25	-95.15694915	40.7373275
19193	IA	Woodbury County	102.782	658	631	14	0.33	11.1	2.0699999999999363	-96.0414454	42.38909539
41063	OR	Wallowa County	6.856	164	0	1.37	134	0	28.849999999999994	-117.12632611	45.54310605
42039	PA	Crawford County	86.484	14.4	0	5.67	0.46	0.32	7.990000000000001	-80.06601806	41.66536066
54009	WV	Brooke County	23.35	11.7	0	5.21	0.06	6.22	0.2400000000000002	-80.56780473	40.28024826
55069	WI	Lincoln County	27.98	14.9	0	1.38	1.42	11.3	0.8600000000000012	-89.73535883	45.3384985
46055	SD	Haakon County	1.861	1.03	0	0.11	0.14	0	0.78	-101.57808905	44.364985
47119	TN	Maury County	87.757	13.6	0	12.3	0.23	0.13	0.9299999999999997	-87.08014095	35.629634
48013	TX	Atascosa County	48.435	36.2	4.25	5.34	19.6	0.03	6.979999999999997	-98.51143537	28.912679
48099	TX	Coryell County	75.503	1.63	0	0.21	0.32	0	1.0999999999999999	-97.80050792	31.3934485
17171	IL	Scott County	5.092	5.01	0	4.82	0.02	0	0.16999999999999993	-90.47935676	39.657628
17199	IL	Williamson County	67.466	233	225	1.22	0.35	0	6.300000000000011	-88.929705619999993	37.72468
18081	IN	Johnson County	149.633	14.4	0	10	0.44	0.4	3.5600000000000005	-86.1010788	39.4919885
18183	IN	Whitley County	33.406	4.67	0	1.38	0.47	0.92	1.899999999999999	-85.51213019	41.1474685
20039	KS	Decatur County	2.932	10.4	0	0.37	9.08	0	0.9700000000000006	-100.46011917	39.8057885
20099	KS	Labette County	20.803	4.03	0	2.62	0.01	0.19	1.2099999999999995	-95.29774748	37.178236
20115	KS	Marion County	12.103	4.07	0	0.99	1.47	0	1.6100000000000003	-97.10466989	38.3407185
20165	KS	Rush County	3.13	10.2	0	0.51	9.15	0	0.5700000000000003	-99.30959211	38.5282115
42087	PA	Mifflin County	46.5	8.34	0	2.69	0.08	3.68	1.8899999999999997	-77.64761526	40.603367
46021	SD	Campbell County	1.397	5.86	0	0.08	5.19	0	0.5900000000000007	-100.03379442	45.7695595
46067	SD	Hutchinson County	7.301	3.8	0	0.39	2	0	1.4099999999999997	-97.75578288	43.3345085
25019	MA	Nantucket County	10.925	3.45	0	2	1.2	0	0.25	-70.01943803	41.3151885
35027	NM	Lincoln County	19.42	23.8	0	4.39	18.9	0	0.44999999999999574	-105.4720261	33.7425605
39049	OH	Franklin County	1251.722	188	0.15	156	1.6	0.46	30.28	-83.01327142	39.969385
39111	OH	Monroe County	14.409	4.44	0	1.07	0.04	1.24	2.0900000000000003	-81.05678708	39.704576
16053	ID	Jerome County	22.814	745	0	3.67	537	2.81	201.46000000000004	-114.27460136	42.6888205
17041	IL	Douglas County	19.823	4.42	0	0.67	0.22	2.88	0.6499999999999999	-88.22043676	39.761023
17075	IL	Iroquois County	28.672	4.21	0	1.99	0.85	0	1.37	-87.82548431	40.7452215
50011	VT	Franklin County	48.799	7.06	0	3	0.26	0.68	3.1199999999999997	-72.87455757	44.824236
51187	VA	Warren County	39.083	11.8	0	9.08	0.14	0	2.5699999999999985	-78.19711793	38.8983395
39173	OH	Wood County	129.73	11	0	5.21	0.31	0	5.470000000000001	-83.64973521	41.392642
41057	OR	Tillamook County	25.653	37.9	0	4.57	5.07	0.01	28.25	-123.71364838	45.413754
18029	IN	Dearborn County	49.455	227	212	4.41	0.06	9.51	1.0900000000000034	-84.96015567	39.12201355
19005	IA	Allamakee County	13.886	154	151	0.91	0	0.52	1.9599999999999795	-91.34364238	43.2873215
51650	VA	Hampton City	136.454	0.05	0	0	0.04	0.01	0	-76.36711335	37.052718
54105	WV	Wirt County	5.88	0.56	0	0	0.04	0	0.5199999999999999	-81.40702215	39.0403635
46083	SD	Lincoln County	52.849	5.85	0	1.02	1.12	2.77	0.9400000000000004	-96.75604261	43.2923335
46105	SD	Perkins County	3.019	1.5	0	0.16	0.14	0	1.2	-102.47525938	45.487545
48133	TX	Eastland County	18.171	5.47	0	0.68	2.91	0	1.8799999999999994	-98.80228644	32.2928555
36001	NY	Albany County	309.381	58.9	4.14	45.8	0.75	4.85	3.3999999999999986	-73.97719615	42.616589
36035	NY	Fulton County	53.992	7.2	0	5.46	0.19	0	1.5499999999999998	-74.42684714	43.1351035
55117	WI	Sheboygan County	115.569	313	289	15.8	0.53	1.44	6.100000000000023	-87.93296569	43.71574376
05087	AR	Madison County	15.767	1.6	0	0	0	0	1.6	-93.6971658	36.03365
47067	TN	Hancock County	6.572	0.68	0	0.21	0.01	0	0.4600000000000001	-83.26233689	36.4932285
48121	TX	Denton County	780.612	37.8	0	31.5	2	0.02	4.280000000000008	-97.11547929	33.21113
48269	TX	King County	0.282	2.73	0	0.19	0	0	2.54	-100.25568195	33.5962595
48389	TX	Reeves County	14.732	74.1	0	3.65	44	0.04	26.430000000000007	-103.64848104	31.383138
37067	NC	Forsyth County	369.019	60.9	0	48.5	4	0	8.440000000000005	-80.25175403	36.1176625
39093	OH	Lorain County	305.147	420	362	42.4	6.37	9.13	0.9199999999999591	-82.11036314	41.2979995
42057	PA	Fulton County	14.629	2.01	0	0.37	0.07	0	1.5700000000000003	-78.09393787	39.9429485
42093	PA	Montour County	18.557	0.9	0.01	0.03	0.1	0	0.76	-76.66292144	41.0277715
48447	TX	Throckmorton County	1.579	1.84	0	0.05	0.04	0	1.75	-99.2125254	33.226533
48501	TX	Yoakum County	8.546	122	0.67	0.97	83.7	0	36.2	-102.82762825	33.19455955
50001	VT	Addison County	37.035	7.84	0	3.45	0.19	0.43	3.7699999999999996	-73.07791171	44.028235
51660	VA	Harrisonburg City	52.538	0.36	0	0	0.07	0	0.29	-78.87057315	38.4413065
53055	WA	San Juan County	16.252	2.72	0	0.88	0.11	0.86	0.8699999999999997	-123.08103189	48.5378975
27037	MN	Dakota County	414.686	232	164	40.7	17	7.74	2.079999999999984	-93.02533434	44.6920385
47011	TN	Bradley County	104.091	19.4	0	13.7	0.05	4.16	1.4100000000000001	-84.85266528	35.172412
54029	WV	Hancock County	29.815	23.7	0	1.46	0.14	21.9	0.17999999999999972	-80.57034014	40.51693413
54091	WV	Taylor County	16.912	3.22	0	1.82	0.04	0	1.36	-80.04868189	39.3521035
55035	WI	Eau Claire County	102.105	12.1	0	7.4	2.1	0.83	1.8000000000000007	-91.2858745	44.726925
55099	WI	Price County	13.645	20.1	0	1.02	3	15.5	0.6600000000000001	-90.36080643	45.6723065
02198	AK	Prince of Wales-Hyder Census Area	6.341	0.47	0	0.34	0	0.02	0.10999999999999999	-132.85604952	55.5112177
28093	MS	Marshall County	35.916	8.68	0	2.53	3.24	0.08	2.830000000000002	-89.51118941	34.7532505
29089	MO	Howard County	10.139	4.6	0	1.04	3.2	0	0.35999999999999943	-92.69208976	39.156668
47051	TN	Franklin County	41.449	5.56	0	4.27	0.68	0	0.6100000000000003	-86.08228146	35.1753825
47133	TN	Overton County	22.129	3.13	0	2.33	0.02	0	0.7799999999999998	-85.30889785	36.336434
72013	PR	Arecibo Municipio	89.648	123	0	122	0	0.13	0.7399999999999949	-66.68105496	18.4024725
72051	PR	Dorado Municipio	37.878	3.21	0	3.01	0.1	0.03	0.06999999999999984	-66.27990862	18.4316855
31155	NE	Saunders County	21.016	70.1	0	49.6	18.6	0	1.9099999999999824	-96.63707048	41.2348395
33011	NH	Hillsborough County	406.678	54	0	38.7	1.41	3.63	10.169999999999995	-71.72067237	42.9565135
48281	TX	Lampasas County	20.588	3.56	0	2.71	0.34	0	0.5099999999999998	-98.28113011	31.2503995
55109	WI	St. Croix County	87.513	13.6	0	4.43	3.35	0.74	5.07	-92.45407371	45.0346795
72073	PR	Jayuya Municipio	15.328	2.75	0	2.67	0	0.07	0.009999999999999787	-66.58958267	18.2275255
72119	PR	Rio Grande Municipio	51.725	10.9	0	10.5	0.37	0	0.02999999999999936	-65.81780555	18.349584
21117	KY	Kenton County	165.012	0.6	0	0	0.04	0	0.5599999999999999	-84.53456613	38.9423905
39087	OH	Lawrence County	61.109	13.7	7.69	5.43	0	0.42	0.16999999999999993	-82.55789715	38.628148
05035	AR	Crittenden County	48.963	264	0	7.13	256	0.18	0.21999999999997044	-90.233315	35.1368405
08045	CO	Garfield County	58.095	267	0	11.6	234	0	20.889999999999986	-107.52618741	39.7682435
19047	IA	Crawford County	17.094	5.97	0	2.96	0.06	0.49	2.46	-95.38182111	42.0367495
51760	VA	Richmond City	220.289	76.7	4.25	70.2	0.28	0	1.9099999999999966	-77.46099675	37.525079
22019	LA	Calcasieu Parish	198.788	243	14.6	27.5	25.6	170	5.359999999999985	-93.36846507	30.263118
19125	IA	Marion County	33.294	4.3	0	2.91	0	0	1.3899999999999997	-93.09950336	41.3313195
19161	IA	Sac County	10.021	6.5	0	1.14	0.17	0.08	5.11	-95.08992346	42.3853715
19197	IA	Wright County	12.773	6.84	0	1.24	0	1.53	4.07	-93.73511226	42.7429065
20045	KS	Douglas County	118.053	19	4.86	12.7	0.66	0	0.7699999999999996	-95.2782109	38.899356
72071	PR	Isabela Municipio	43.398	8.1	0	6.75	1.12	0.04	0.1899999999999995	-67.00519373	18.445014
72091	PR	Manati Municipio	40.7	3.87	0	3.34	0.07	0.18	0.28000000000000025	-66.49134815	18.417677
27003	MN	Anoka County	344.151	117	0	108	2.22	0.25	6.040000000000006	-93.24262137	45.2250395
29163	MO	Pike County	18.348	7.22	0	1.13	4.34	0.94	0.8099999999999987	-91.17188084	39.3698485
20117	KS	Marshall County	9.936	2.58	0	1.11	0.84	0.04	0.5899999999999999	-96.52304504	39.7638835
21023	KY	Bracken County	8.321	1.19	0	0.65	0.09	0.2	0.25	-84.07676868	38.713505
72107	PR	Orocovis Municipio	21.957	4.14	0	4.08	0	0	0.05999999999999961	-66.43490924	18.221342
72125	PR	San German Municipio	32.976	1.56	0	1.5	0	0	0.06000000000000005	-67.02936714	18.1144035
29217	MO	Vernon County	20.826	10.8	0	2.02	6.23	0	2.530000000000001	-94.34261087	37.84846651
30111	MT	Yellowstone County	157.048	470	19.8	25.1	418	3.09	3.5200000000000387	-108.36068031	45.979882
21057	KY	Cumberland County	6.759	0.97	0	0.63	0.17	0	0.17000000000000004	-85.40779908	36.7783435
21111	KY	Jefferson County	763.623	397	218	134	2.43	42.9	0.2899999999999636	-85.65593015	38.1886135
25015	MA	Hampshire County	161.292	26.4	0	18.1	0.56	0.12	7.59	-72.71423705	42.37019
01045	AL	Dale County	49.565	9.14	0	5.9	2.08	0	1.1600000000000001	-85.60359975	31.4099195
01105	AL	Perry County	9.652	7.41	0	2.02	0.63	0	4.76	-87.28882592	32.5908015
31025	NE	Cass County	25.512	16.9	0	13.5	1.43	0.68	1.3000000000000025	-96.15091683	40.92605674
31147	NE	Richardson County	8.094	8.78	0	0.74	6.15	0	1.8900000000000006	-95.71517005	40.130884
26069	MI	Iosco County	25.345	2.91	0	1.2	0.32	0.1	1.2899999999999991	-83.60852388	44.336968
26111	MI	Midland County	83.632	6.86	0.96	0.14	0.22	3.86	1.6799999999999997	-84.38751769	43.6476165
08079	CO	Mineral County	0.726	7.29	0	0.22	7.02	0	0.04999999999999982	-106.91917083	37.7127485
05027	AR	Columbia County	24.114	4.58	0	2.15	0	2.2	0.23000000000000043	-93.23264692	33.2380415
05059	AR	Hot Spring County	33.426	76.8	71.3	2.27	2.12	0	1.0799999999999983	-93.01347105	34.325512
32019	NV	Lyon County	52.585	309	11.9	8.75	268	0.25	19.569999999999993	-119.03276031	39.0791225
34017	NJ	Hudson County	674.836	239	239	0	0.02	0.24	0.07999999999998408	-74.06880844	40.73314457
12043	FL	Glades County	13.67	133	0	0.51	121	6.65	4.389999999999986	-81.22280871	26.995619
12085	FL	Martin County	156.283	154	26.2	15.6	109	2.21	1.1399999999999864	-80.41603846	27.10669
13071	GA	Colquitt County	45.844	26.8	0	3.11	20.2	1.14	2.3699999999999974	-83.77023619	31.180258
05143	AR	Washington County	225.477	2.32	0	0.19	0.03	0	2.1	-94.23994857	35.994284
19061	IA	Dubuque County	97.125	15.2	0	7.71	0.19	3.24	4.039999999999999	-90.89534935	42.486403
36023	NY	Cortland County	48.494	5.69	0	3.8	0.19	0.12	1.580000000000001	-76.07213369	42.6057755
36087	NY	Rockland County	326.037	266	230	33.2	0.63	0.81	1.8000000000000114	-74.05734927	41.1607615
37011	NC	Avery County	17.689	28.8	0	1.57	5.1	1.13	21.039999999999996	-81.92801089	36.0994715
13227	GA	Pickens County	30.309	4.89	0	2.77	0.09	1.12	0.9099999999999997	-84.48689412	34.4697235
13275	GA	Thomas County	45.063	11.7	0	5.64	3.69	0.17	2.1899999999999995	-83.90723647	30.868755
13307	GA	Webster County	2.648	4.63	0	0.1	4.37	0	0.16000000000000014	-84.53805714	32.072177
21009	KY	Barren County	43.57	9.83	0	7.76	0.24	0	1.83	-85.95169949	36.959265
21163	KY	Meade County	27.924	10.8	0	0.75	0.04	7.51	2.5199999999999996	-86.25196919	37.9991542
37077	NC	Granville County	58.674	6.61	0	2.99	1.17	0	2.45	-78.65599171	36.2886165
37135	NC	Orange County	141.354	14	0	8.78	2.29	0	2.91	-79.122047	36.054192
39045	OH	Fairfield County	151.408	14.3	0	9.2	0.37	0	4.760000000000002	-82.61620196	39.747566
13277	GA	Tift County	40.764	18.4	0	4.78	12.4	0	1.1500000000000021	-83.5178904	31.460164
17049	IL	Effingham County	34.371	4.74	0	2.06	0.1	0	2.58	-88.58371548	39.0491285
18079	IN	Jennings County	27.897	2.44	0	1.03	0	0	1.4100000000000004	-85.6209384	39.014289
48141	TX	El Paso County	835.593	249	1.6	114	129	2.97	1.8499999999999943	-106.17157802	31.6939043
48289	TX	Leon County	17.086	11.1	0	1.9	0.11	0.47	8.59	-95.99660059	31.314229
48413	TX	Schleicher County	3.211	2.64	0	0.38	1.56	0	0.7000000000000002	-100.5384768	30.902133
49015	UT	Emery County	10.37	153	23.6	1.74	127	0.02	0.9299999999999784	-110.70824762	39.104304
51036	VA	Charles City County	7.04	2	0	0	1.08	0	0.9199999999999999	-77.07890006	37.3627555
51131	VA	Northampton County	12.155	3.23	0	0.4	2.34	0.03	0.4600000000000004	-75.88479598	37.31990532
53025	WA	Grant County	93.259	871	0	23.5	832	4.16	11.139999999999986	-119.49199136	47.2840825
54021	WV	Gilmer County	8.518	1.1	0	0.64	0.02	0	0.44000000000000006	-80.81210364	38.9125605
54103	WV	Wetzel County	15.816	3.15	0	1.78	0	0	1.3699999999999999	-80.6598882	39.575469
72054	PR	Florida Municipio	12.188	1.66	0	1.62	0	0	0.040000000000000036	-66.56007292	18.3751035
01107	AL	Pickens County	20.864	7.11	0	3	1.95	0.01	2.1500000000000004	-88.07250702	33.2686835
02158	AK	Kusilvak Census Area	8.119	0.66	0	0.48	0	0	0.18000000000000005	-163.31379403	62.0977195
05109	AR	Pike County	10.824	1.67	0	1.13	0	0	0.54	-93.63503653	34.1464765
06059	CA	Orange County	3169.776	564	62.4	458	11.9	18.1	13.870000000000005	-117.72144858	33.66757497
06113	CA	Yolo County	213.016	602	0	26.9	572	0.79	3.050000000000068	-121.85548989	38.620205
20171	KS	Scott County	4.964	38.2	0	0.84	33.4	0	3.969999999999999	-100.90709486	38.4817515
48287	TX	Lee County	16.898	12.2	0	3.97	0.46	0	7.72	-96.88834858	30.294519
01043	AL	Cullman County	82.005	29.1	0	23.2	0.91	3.17	1.8000000000000007	-86.90426623	34.086046
22115	LA	Vernon Parish	50.803	5.72	0	4.35	0	0	1.37	-93.18624132	31.111011
48433	TX	Stonewall County	1.41	4.83	0	0	0.06	0	4.7700000000000005	-100.25346865	33.1485935
34009	NJ	Cape May County	94.727	32.8	6.52	13.6	1.37	1.02	10.240000000000006	-74.79961063	39.12628746
01085	AL	Lowndes County	10.458	13.2	0	0.95	5.73	4.24	2.2699999999999996	-86.65805541	32.1846755
16007	ID	Bear Lake County	5.922	254	0	0.37	253	0.01	0.44999999999998863	-111.31631096	42.3027015
21175	KY	Morgan County	13.275	1.55	0	1	0.02	0	0.5299999999999998	-83.22292645	37.913565
36071	NY	Orange County	377.647	219	176	33	2.02	0.15	8.289999999999992	-74.33147744	41.38871755
42049	PA	Erie County	278.045	47.9	0	33.3	0.96	3.06	10.579999999999998	-80.01590415	42.059696
48125	TX	Dickens County	2.206	8.04	0	0.1	7.06	0	0.8799999999999999	-100.77891615	33.600976
34005	NJ	Burlington County	450.226	89.3	0	54.2	22.5	0.89	11.73999999999998	-74.68225734	39.8648195
55111	WI	Sauk County	63.642	17.1	0	7.23	6.44	0.5	2.9400000000000013	-89.89641287	43.393577
47085	TN	Humphreys County	18.135	365	303	2.22	0.12	54.6	5.579999999999927	-87.77382217	36.025572
37029	NC	Camden County	10.309	1.13	0	0.71	0	0	0.41999999999999993	-76.17001667	36.357199
06105	CA	Trinity County	13.069	22.4	0	0.99	10.7	0.5	10.219999999999999	-123.14348629	40.6709445
16069	ID	Nez Perce County	40.048	276	0	10.1	151	1.75	113.08000000000001	-116.82122541	46.2428365
37021	NC	Buncombe County	253.178	279	235	21.1	1.93	0	20.930000000000007	-82.5389804	35.620663
19093	IA	Ida County	7.028	2.91	0	0.42	0	1.17	1.3200000000000003	-95.496369670000007	42.3888365
27039	MN	Dodge County	20.364	2.69	0	0.92	0.12	0.32	1.3300000000000003	-92.86187834	44.022304
28081	MS	Lee County	85.3	6.01	0	4.29	0.34	0	1.38	-88.68503623	34.28978
29129	MO	Mercer County	3.694	2.27	0	0.13	0.22	0.01	1.9100000000000001	-93.5657379	40.418041
31045	NE	Dawes County	9.055	19.1	0	1.18	16.7	0	1.230000000000004	-103.12688912	42.7169445
21197	KY	Powell County	12.269	1.65	0	1.45	0.01	0	0.18999999999999995	-83.79708415	37.8241615
08065	CO	Lake County	7.485	22.7	0	4.47	14	0	4.240000000000002	-106.33563121	39.2184375
09011	CT	New London County	271.863	2110	2050	8.11	1.17	49.7	3.230000000000018	-72.05607622	41.49208205
12053	FL	Hernando County	178.439	31.1	0	18.2	3.99	4.48	4.349999999999998	-82.41131278	28.5648125
13139	GA	Hall County	193.535	91.1	0	88.2	0.68	0.44	1.7700000000000102	-83.78508433	34.306293
13213	GA	Murray County	39.565	3.16	0	1.89	0.19	0	1.0799999999999996	-84.74270433	34.786033
13279	GA	Toombs County	27.241	12.3	0	2.84	8.43	0	1.040000000000001	-82.32579014	32.131681
15009	HI	Maui County	164.637	308	16.5	42.1	249	0	0.6899999999999977	-156.31327792	20.80391565
17065	IL	Hamilton County	8.2	0.65	0	0	0.1	0	0.55	-88.53927077	38.0765895
36031	NY	Essex County	38.478	23.1	0	5.45	0.27	16.7	0.6799999999999962	-73.74882946	44.1450755
37043	NC	Clay County	10.703	1.22	0	0.21	0.36	0	0.65	-83.75038938	35.0736745
37099	NC	Jackson County	41.265	4.99	0	1.94	1.7	0.09	1.2599999999999998	-83.11621013	35.2622335
39047	OH	Fayette County	28.679	4.32	0	1.99	0.04	1.28	1.0100000000000007	-83.44039189	39.547218
27013	MN	Blue Earth County	65.787	37.2	24.1	6.23	0.4	3.64	2.759999999999998	-94.06867216	44.0556145
27147	MN	Steele County	36.755	5.66	0	4.04	0.28	0.02	1.3200000000000003	-93.22598355	44.0224405
48341	TX	Moore County	22.255	148	0	5.07	134	4.84	3.6100000000000136	-101.89298292	35.839535
08033	CO	Dolores County	1.978	4.61	0	0.25	4.16	0	0.20000000000000018	-108.50603208	37.691233
48417	TX	Shackelford County	3.35	1.75	0	0	0.14	0	1.6099999999999999	-99.35397572	32.728491
26013	MI	Baraga County	8.575	14.9	13.5	0.51	0.01	0.35	0.5600000000000005	-88.33496286	46.6968215
38055	ND	McLean County	9.744	23.3	11.4	0.61	4.16	0	7.09	-101.03714549	47.5027305
51171	VA	Shenandoah County	43.19	21.1	0	2.57	0.46	3.72	14.39	-78.58768585	38.8524925
22097	LA	St. Landry Parish	83.848	107	0	10.3	55.8	0.99	39.47000000000001	-91.98281815	30.58016
35023	NM	Hidalgo County	4.423	48.5	0.01	1.73	46.3	0	0.5399999999999991	-108.7865178	32.066789
40137	OK	Stephens County	44.581	21.8	0	1.08	1.02	0	19.74	-97.85080396	34.48552
46115	SD	Spink County	6.524	19.4	0	0.52	15.4	2.24	1.2699999999999996	-98.34966636	44.9453455
48437	TX	Swisher County	7.533	67.8	0	0.59	64.1	0	3.059999999999988	-101.73501951	34.532304
23001	ME	Androscoggin County	107.233	15.8	0.62	7.92	0.57	2.02	4.649999999999999	-70.20215728	44.197552
30001	MT	Beaverhead County	9.3	837	0	1.82	832	0.02	2.740000000000009	-113.02026353	45.15025532
30069	MT	Petroleum County	0.475	54.6	0	0.01	54	0	0.6300000000000026	-108.3341418	47.1743895
35045	NM	San Juan County	118.737	253	27.3	18.8	200	0.02	7.1699999999999875	-108.3354443	36.51368684
51051	VA	Dickenson County	15.115	6.37	0	4.96	0.03	0	1.38	-82.36075643	37.1307785
51137	VA	Orange County	35.385	4.05	0	2.08	0.31	0	1.6599999999999997	-77.99093052	38.2549875
51730	VA	Petersburg City	32.477	0.16	0	0	0.06	0	0.1	-77.39078452	37.2052495
54031	WV	Hardy County	13.852	6.51	0	3.01	0.04	0	3.46	-78.82774991	38.995338
54085	WV	Ritchie County	9.982	1.96	0	0.48	0.02	0	1.46	-81.08295023	39.196772
55078	WI	Menominee County	4.573	0.42	0	0.32	0	0	0.09999999999999998	-88.7348052	44.9855395
56031	WY	Platte County	8.812	393	14.5	1.56	376	0.03	1.2500000000000568	-104.96765953	42.1571055
42027	PA	Centre County	160.58	40.9	0	17.9	0.65	0.02	22.36	-77.80549457	40.9715405
42095	PA	Northampton County	300.813	39.7	18.3	9.53	0.49	5.46	5.930000000000007	-75.39894451	40.75278386
45013	SC	Beaufort County	179.589	19	0	12.8	4.57	0.09	1.5500000000000007	-80.63538948	32.3902595
45089	SC	Williamsburg County	32.535	6.53	0	3.02	0.58	1.02	1.9100000000000001	-79.74396486	33.5983975
26127	MI	Oceana County	26.105	8.28	0	1.16	4.95	0.28	1.8899999999999988	-86.29001263	43.642901
26145	MI	Saginaw County	193.307	3.79	0	0.42	1.78	0	1.5899999999999999	-84.03395968	43.343306
28119	MS	Quitman County	7.486	79.9	0	0.74	79.2	0	0.020000000000010232	-90.28971936	34.293279
29095	MO	Jackson County	687.623	592	531	26.9	0.39	32.6	1.5500000000000682	-94.35842803	39.03554139
31049	NE	Deuel County	1.921	21.1	0	0.5	20.2	0	0.379999999999999	-102.33297666	41.0836465
47141	TN	Putnam County	74.553	13.4	0	12.5	0.06	0	0.879999999999999	-85.45526387	36.1409085
48001	TX	Anderson County	57.58	14.6	0	9.06	0.61	0.65	4.3199999999999985	-95.68806035	31.7939225
48063	TX	Camp County	12.682	6.36	0	1.1	0	0	5.26	-94.99360581	32.989905
48187	TX	Guadalupe County	151.249	48.7	3.81	6.85	0.7	0	37.31	-97.96293798	29.612831
48273	TX	Kleberg County	31.857	5.07	0	3.31	0.05	0.78	0.9300000000000006	-97.71392161	27.42114
48405	TX	San Augustine County	8.473	3.69	0	0.81	0	0	2.88	-94.17495759	31.3761895
26003	MI	Alger County	9.383	4.75	0	0.41	0.03	3.92	0.39000000000000057	-86.88797934	46.424811
05119	AR	Pulaski County	392.664	92.8	0.41	39.6	52	0	0.730000000000004	-92.31391045	34.7516465
13241	GA	Rabun County	16.281	3.05	0.28	1.6	0.26	0.38	0.5299999999999998	-83.45236884	34.8577015
27021	MN	Cass County	28.706	6.78	0	0.54	3.34	0	2.8999999999999995	-94.21739863	46.872872
51101	VA	King William County	16.269	23.4	0	0.56	1.34	20.6	0.9600000000000009	-77.11840866	37.7139635
01009	AL	Blount County	57.673	60.1	0	56.9	1.08	0	2.1299999999999955	-86.53369432	34.0127395
08067	CO	La Plata County	54.688	332	0	5.74	322	0.14	4.149999999999977	-107.84693092	37.3189925
21089	KY	Greenup County	36.068	20.7	0	3.8	0.16	16.3	0.4499999999999993	-82.95249725	38.565905
22091	LA	St. Helena Parish	10.567	1.61	0	0.9	0.02	0.03	0.6599999999999998	-90.70440906	30.8244315
27015	MN	Brown County	25.313	4.75	0.07	1.07	2	0.19	1.42	-94.65224834	44.303308
31075	NE	Grant County	0.641	1.79	0	0.05	1.23	0	0.51	-101.746484	41.9374815
35043	NM	Sandoval County	139.394	63.9	0	11.2	45.2	2.3	5.13000000000001	-106.77861767	35.7055535
37159	NC	Rowan County	139.142	24.9	3.5	9.64	4.1	0.64	7.009999999999998	-80.55014818	35.6821715
45009	SC	Bamberg County	14.88	6.18	0	0.92	4.49	0	0.7699999999999996	-81.03379776	33.233276
47163	TN	Sullivan County	156.791	534	0	23.8	0.13	509	0.4799999999999045	-82.31134646	36.5043
48409	TX	San Patricio County	67.357	9.64	0	1.25	5.68	0	2.710000000000001	-97.50165276	28.000642
53011	WA	Clark County	459.495	122	3.77	46.6	5.73	57.4	8.470000000000013	-122.51663823	45.79681205
31085	NE	Hayes County	0.932	53.2	0	0.09	52	0	1.0900000000000034	-101.06334366	40.520698
38091	ND	Steele County	1.956	2.19	0	0.67	1.42	0	0.10000000000000009	-97.72947423	47.4730065
39011	OH	Auglaize County	45.876	9.62	0	5.27	0.09	0.16	4.1	-84.22454705	40.5211105
41037	OR	Lake County	7.829	338	0	1.56	326	0	10.270000000000039	-120.64683626	42.791351
30035	MT	Glacier County	13.647	72.7	0	1.76	69.5	0.01	1.4399999999999977	-112.96607178	48.654489
48435	TX	Sutton County	3.913	2.42	0	0.81	0.91	0	0.6999999999999997	-100.53858013	30.428311
42023	PA	Cameron County	4.732	0.89	0	0.34	0.03	0	0.5200000000000001	-78.20437966	41.426592
06039	CA	Madera County	154.998	802	0	15.6	772	4.57	9.459999999999923	-119.6355972	37.270348
13219	GA	Oconee County	35.965	5.04	0	0.35	3.44	0	1.25	-83.41618744	33.8319185
21051	KY	Clay County	21.013	5.6	0	5.2	0.08	0	0.3200000000000003	-83.74745368	37.145695
26047	MI	Emmet County	33.161	5.81	0	3.84	0.73	0.03	1.209999999999999	-84.92100885	45.528886
42125	PA	Washington County	208.261	46.6	0	39.7	0.81	0	6.109999999999999	-80.23842714	40.214858
05085	AR	Lonoke County	71.645	952	0	6.01	902	0.66	43.379999999999995	-91.88780526	34.770439
21063	KY	Elliott County	7.648	0.53	0	0.19	0.04	0	0.30000000000000004	-83.06272379	38.131436
24039	MD	Somerset County	25.768	4.59	0	1.09	0.42	0.79	2.29	-75.69913021	38.105371
45075	SC	Orangeburg County	89.208	36.3	3.6	8.96	19.9	0.9	3.000000000000007	-80.80858534	33.4421575
06027	CA	Inyo County	18.26	62	5.68	2.42	17.5	0.09	36.3	-117.51382107	36.626484
48003	TX	Andrews County	18.105	71.5	0	2.36	13	0	56.099999999999994	-102.63781478	32.29727357
27119	MN	Polk County	31.533	16.3	0	8.57	6.39	0.06	1.320000000000002	-96.66913915	47.8353105
36059	NY	Nassau County	1361.35	474	272	194	2.83	0	4.6100000000000705	-73.56940956	40.7478655
48065	TX	Carson County	5.969	84.4	0	9	70.5	4.46	0.45000000000000284	-101.35439431	35.4081995
24027	MD	Howard County	313.414	6.17	0	0.01	0.44	0.31	5.409999999999999	-76.89247862	39.235476
46045	SD	Edmunds County	3.999	1.42	0	0.26	0.34	0	0.8199999999999998	-99.21520627	45.4186415
56009	WY	Converse County	14.236	190	8.83	2.04	172	0.06	7.8300000000000125	-105.48564276	42.884874
72033	PR	Catano Municipio	25.641	193	193	0	0	0	0	-66.13604537	18.443793
72099	PR	Moca Municipio	37.746	1.43	0	0.6	0.7	0	0.1299999999999999	-67.08247579	18.3837615
39161	OH	Van Wert County	28.562	5.55	0	1.87	0.1	0.15	3.4299999999999997	-84.57136708	40.83720053
51091	VA	Highland County	2.214	6.96	0	0.1	0.03	0	6.83	-79.5177711	38.385904
20153	KS	Rawlins County	2.506	17.7	0	0.3	16.7	0	0.6600000000000001	-101.075522	39.778345
20191	KS	Sumner County	23.535	8.76	0	2.1	6.04	0.16	0.46000000000000085	-97.47605397	37.233496
21145	KY	McCracken County	65.018	916	903	8.21	0.18	4.42	0.25	-88.72365519	37.085047
17113	IL	McLean County	173.166	13.5	0	10.5	0.54	0	2.4300000000000015	-88.86313656	40.508141
17155	IL	Putnam County	5.644	200	195	0.46	0.46	2.01	2.1699999999999875	-89.31460223	41.2082065
18063	IN	Hendricks County	158.192	10.3	0	5.1	0.18	0.6	4.41	-86.50679561	39.7622965
37157	NC	Rockingham County	91.758	21.4	3.55	11.4	3.05	0	3.3999999999999986	-79.7777762	36.395072
37195	NC	Wilson County	81.714	15.8	0	9.62	4.63	0.03	1.549999999999999	-77.94771986	35.725912
38073	ND	Ransom County	5.448	16.7	0	1.02	15	0	0.6400000000000006	-97.65715558	46.4565635
39055	OH	Geauga County	94.102	8.72	0	1.45	0.48	0.1	6.6899999999999995	-81.19693769	41.5182135
40029	OK	Coal County	5.651	1.41	0	0.46	0.01	0	0.94	-96.30208648	34.592985
40063	OK	Hughes County	13.735	9.73	0	2.57	4.07	0	3.09	-96.28974887	35.0355625
72057	PR	Guayama Municipio	42.721	15.2	1.75	10.7	2.26	0.21	0.28999999999999915	-66.14409266	18.01099
72143	PR	Vega Alta Municipio	38.64	0.73	0	0.7	0	0	0.030000000000000027	-66.33192229	18.408804
05113	AR	Polk County	20.216	3.21	0	1.69	0.36	0	1.1600000000000001	-94.19857123	34.45519821
40147	OK	Washington County	52.021	3.96	0	1.85	0.54	0	1.5699999999999998	-95.90513279	36.69479
28009	MS	Benton County	8.182	5.26	3.38	0.49	0.85	0	0.54	-89.19373593	34.788454
28131	MS	Stone County	18.07	3.75	0	1.46	0.11	1.07	1.1099999999999999	-89.11295331	30.7753165
29049	MO	Clinton County	20.609	1.02	0	0.3	0.34	0	0.38	-94.40417222	39.601638
29123	MO	Madison County	12.408	1.45	0	0.62	0.18	0	0.6499999999999999	-90.34557055	37.47301
19029	IA	Cass County	13.427	2.56	0	1.23	0.01	0	1.32	-94.92769093	41.331461
19089	IA	Howard County	9.41	5.13	0	0.54	0.15	0	4.44	-92.31718299	43.3639785
19115	IA	Louisa County	11.185	13.4	6.06	0.49	3.55	1.53	1.7300000000000004	-91.29972037	41.2476948
19147	IA	Palo Alto County	9.133	5.77	0	0.78	1.25	0.58	3.1599999999999993	-94.67811134	43.0677935
19173	IA	Taylor County	6.205	1.37	0	0	0	0	1.37	-94.69999632	40.73822
29187	MO	St. Francois County	66.52	6.77	0	5.07	0.11	0	1.5899999999999999	-90.53755253	37.858201
29229	MO	Wright County	18.268	2.99	0	0.97	0.21	0.02	1.7900000000000003	-92.47239199	37.2726285
30041	MT	Hill County	16.572	51.4	0	2.15	48.6	0.01	0.6600000000000037	-110.12349785	48.567213
31005	NE	Arthur County	0.456	12.2	0	0	11.7	0	0.4900000000000002	-101.6958434	41.5896345
31087	NE	Hitchcock County	2.883	28.4	0	0.37	25.3	0.3	2.419999999999998	-101.04305524	40.1789825
20003	KS	Anderson County	7.808	1.85	0	0.6	0.64	0.02	0.5900000000000001	-95.29648049	38.2300895
20037	KS	Crawford County	39.217	6.55	0	4.9	0.42	0	1.2299999999999995	-94.85254251	37.49924127
20061	KS	Geary County	37.03	10.6	0	4.49	1.57	0.02	4.540000000000001	-96.73210404	39.0443845
20187	KS	Stanton County	2.072	88.1	0	0.4	85.6	0	2.0799999999999983	-101.78405328	37.58029
31117	NE	McPherson County	0.475	11.6	0	0	11	0	0.6000000000000014	-101.06046549	41.5677435
01003	AL	Baldwin County	203.709	84.7	0	23.7	58.3	0	2.75	-87.78274989	30.769864
01089	AL	Madison County	353.089	78.3	0	67.2	9.15	0.56	1.4000000000000057	-86.57223847	34.732005
02282	AK	City & Borough of Yakutat	0.613	0.51	0	0.51	0	0	0	-138.98245672	59.664952
05121	AR	Randolph County	17.469	187	0	1.3	185	0	0.8899999999999864	-91.00490182	36.3125725
06005	CA	Amador County	37.001	40.7	0.27	8.64	20.8	0.41	10.59000000000001	-120.73327909	38.463745
06067	CA	Sacramento County	1501.335	874	1.89	231	442	16.9	182.0300000000001	-121.2756668	38.377109
08053	CO	Hinsdale County	0.774	29.3	0	0.24	20.4	0	8.650000000000002	-107.29892138	37.784147
12131	FL	Walton County	63.508	16.5	0	11.2	3.97	0	1.3399999999999999	-86.15216732	30.631507
13121	GA	Fulton County	1010.562	199	0	196	2.51	0.03	0.28000000000000114	-84.40423273	33.8433435
13209	GA	Montgomery County	8.951	1.76	0	0.18	1.01	0	0.5700000000000003	-82.53322024	32.1521395
13315	GA	Wilcox County	8.857	18.4	0	0.44	8.45	0	9.500000000000002	-83.4500473	31.9886795
18017	IN	Cass County	37.979	26.2	15.1	5.94	0.29	1.42	3.360000000000003	-86.37373137	40.739326
18103	IN	Miami County	35.862	8.56	0	2.66	0.23	0.91	4.76	-86.05511928	40.7791935
21155	KY	Marion County	19.365	5.21	0	4.13	0.14	0.06	0.8799999999999999	-85.27499277	37.569635
22009	LA	Avoyelles Parish	41.103	65.9	0	4.05	36.9	0	24.909999999999997	-91.97065645	31.0956615
22051	LA	Jefferson Parish	436.275	813	745	61.8	0.02	6.46	0.07000000000005002	-90.12530108	29.7808995
24013	MD	Carroll County	167.627	15.9	0	7.05	0.21	0.46	8.220000000000002	-77.01310612	39.5349645
28033	MS	DeSoto County	173.323	36.3	2.53	19.5	10.3	2.11	1.8800000000000026	-89.96303062	34.845711
21215	KY	Spencer County	17.894	0.42	0	0	0.16	0	0.26	-85.31317325	38.049847
22101	LA	St. Mary Parish	52.81	43.9	26.9	9.32	0.77	6.49	0.4299999999999997	-91.36110498	29.6739725
23013	ME	Knox County	39.855	14.8	0	3.02	0.35	10.5	0.870000000000001	-69.19428263	44.1415875
26019	MI	Benzie County	17.457	2.13	0	0.68	0.32	0.11	1.0199999999999998	-86.03504258	44.646097
26045	MI	Eaton County	108.801	8.61	1.29	2.63	0.24	0	4.449999999999999	-84.83871254	42.5928685
29057	MO	Dade County	7.595	9.06	0	0.37	7.59	0	1.0999999999999988	-93.85014807	37.4318845
34003	NJ	Bergen County	938.506	134	0	127	0.85	3.59	2.089999999999975	-74.02823969	40.94539
35011	NM	De Baca County	1.828	37.4	0	0.24	37	0	0.19999999999999574	-104.42047273	34.368564
36045	NY	Jefferson County	117.635	22.1	7.65	9.29	0.54	0.93	3.650000000000002	-75.81173576	44.0354365
37049	NC	Craven County	103.451	31	0	10.8	3.79	15.2	1.1899999999999977	-77.14161531	35.11053985
37095	NC	Hyde County	5.526	2.02	0	1.08	0.52	0	0.41999999999999993	-76.22334222	35.515864
37165	NC	Scotland County	35.509	7.26	0	3.1	2.78	0.01	1.37	-79.48491622	34.835997
41033	OR	Josephine County	84.745	51.9	0	7.18	39	0	5.659999999999997	-123.63363502	42.39073
41061	OR	Union County	25.79	211	0	4.58	181	0	26.069999999999965	-118.04603964	45.396455
42075	PA	Lebanon County	137.067	15	1.64	3.55	0.79	0.56	8.470000000000002	-76.44827055	40.3805265
47001	TN	Anderson County	75.749	204	192	10.7	0.02	0.32	0.47999999999998977	-84.22742221	36.105674
47173	TN	Union County	19.119	1.63	0	0.78	0.01	0	0.8400000000000003	-83.83132782	36.299578
48073	TX	Cherokee County	51.542	381	368	6.31	0.44	0	6.329999999999984	-95.18348587	31.7818265
48199	TX	Hardin County	55.865	7.34	0	4.03	0.12	0.03	3.16	-94.38695502	30.3119315
48317	TX	Martin County	5.641	51	0	1.48	31.7	0	17.85	-101.95139718	32.3118635
26077	MI	Kalamazoo County	260.263	69.1	0	24.4	15.6	24.3	4.790000000000006	-85.53152344	42.245382
26107	MI	Mecosta County	43.067	15.8	0	1.27	10.9	0.95	2.7400000000000038	-85.32440972	43.6408195
51775	VA	Salem City	25.432	3.92	0	3.84	0.03	0	0.04999999999999982	-80.06882422	37.289217
54069	WV	Ohio County	43.066	9.5	0	7.7	0.19	0	1.6099999999999994	-80.61422758	40.10086289
49011	UT	Davis County	336.043	71.9	0	25.1	44.5	1.97	0.37999999999999545	-112.09067254	40.9611475
49049	UT	Utah County	575.205	458	3.75	197	237	13.8	7.120000000000061	-111.69090781	40.1775365
51085	VA	Hanover County	103.227	8.77	0	4.08	1.61	0	3.079999999999999	-77.55212003	37.7716745
51177	VA	Spotsylvania County	130.475	15.1	0	11	0.22	0	3.8100000000000005	-77.65902846	38.182353
53017	WA	Douglas County	40.534	28	0	5.45	20.9	0.47	1.100000000000005	-119.74895711	47.684107
54063	WV	Monroe County	13.506	1.55	0	0.49	0.04	0.09	0.9300000000000003	-80.54665283	37.5529715
55043	WI	Grant County	52.25	139	130	3.39	0.6	0.26	4.150000000000034	-90.76205027	42.858062
72127	PR	San Juan Municipio	355.074	455	455	0	0	0.01	0.060000000000002274	-66.05374235	18.384519
05045	AR	Faulkner County	121.552	6.38	0	0.15	5.49	0	0.7399999999999993	-92.33366681	35.1074095
06055	CA	Napa County	142.456	127	0	15.3	103	7.55	1.6899999999999977	-122.3261364	38.5093225
06097	CA	Sonoma County	502.146	317	25.2	40.5	210	14.5	26.5	-122.85659214	38.4815335
08037	CO	Eagle County	53.605	145	0	10.3	132	0	2.180000000000007	-106.64637019	39.638372
21059	KY	Daviess County	99.259	195	169	13.4	4.39	7.13	1.0200000000000102	-87.06846413	37.74621
21139	KY	Livingston County	9.316	14.6	0	1.66	0.04	5.19	7.76	-88.32632493	37.20356
22117	LA	Washington Parish	46.371	27.7	0	4.63	0.39	21.1	1.5999999999999979	-90.04333592	30.83493
12077	FL	Liberty County	8.331	1.63	0.49	0.46	0.06	0.15	0.4700000000000002	-84.88822718	30.293263
36103	NY	Suffolk County	1501.587	1340	1080	246	9.07	0.99	7.630000000000109	-72.90860986	40.88557351
37053	NC	Currituck County	25.263	7.28	0	3.29	1.56	0	2.4300000000000006	-75.94677608	36.311969
37091	NC	Hertford County	24.184	7.98	0	2.09	3.52	1.64	0.7300000000000004	-77.03093905	36.393099
28001	MS	Adams County	31.254	7.3	0	4.92	0.04	1.66	0.6800000000000006	-91.33669429	31.4720285
49057	UT	Weber County	243.645	231	0	24.8	79.1	18.3	109.32000000000002	-111.89507113	41.2544255
51031	VA	Campbell County	55.086	9.17	0.58	4.46	0.16	0	3.9699999999999998	-79.09653114	37.2277485
51155	VA	Pulaski County	34.332	5.56	0	4.39	0.1	0	1.0700000000000003	-80.72811794	37.0613645
54013	WV	Calhoun County	7.47	0.67	0	0.32	0	0	0.35000000000000003	-81.11405039	38.8290175
56023	WY	Lincoln County	18.722	494	7.45	4.05	481	0.57	1.6800000000000068	-110.79501969	42.42467411
41013	OR	Crook County	21.63	145	0	2.11	141	0.03	1.6199999999999761	-120.32211993	44.129343
48095	TX	Concho County	4.081	5.05	0	0.33	4.01	0	0.7099999999999991	-99.85785946	31.300485
48319	TX	Mason County	4.032	5.72	0	0.44	4.43	0	0.8499999999999988	-99.22415206	30.767108
48357	TX	Ochiltree County	10.747	73.4	0	1.76	67.2	0.03	4.339999999999989	-100.81573702	36.308233
06043	CA	Mariposa County	17.531	19.7	0	0.68	17.4	0	1.5400000000000027	-119.95822376	37.543434
13019	GA	Berrien County	18.963	7.39	0	0.78	5.44	0	1.169999999999999	-83.19329974	31.2507935
22015	LA	Bossier Parish	125.175	15.1	0	12.9	0.61	0	1.5999999999999996	-93.59848841	32.6287305
47135	TN	Perry County	7.929	1.38	0	0.91	0	0	0.46999999999999986	-87.85884105	35.632423
48351	TX	Newton County	13.986	7.58	4.58	0.97	0.04	0	1.9900000000000002	-93.74487328	30.715275
51005	VA	Alleghany County	15.677	41.5	0	0.91	0.11	40.2	0.30999999999998806	-80.10714484	37.7786395
53033	WA	King County	2117.125	271	0	198	8.03	4.26	60.88999999999996	-121.87388151	47.4321795
48467	TX	Van Zandt County	53.547	8.84	0	3.38	0.47	0.17	4.82	-95.83509918	32.620821
54023	WV	Grant County	11.766	1130	1120	0.97	0	0	5.829999999999927	-79.18822651	39.071399
48215	TX	Hidalgo County	842.304	293	2.24	64.6	223	0	2.5400000000000205	-98.18597515	26.4095105
51113	VA	Madison County	13.134	1.32	0	0	0.04	0	1.28	-78.27906554	38.429019
08069	CO	Larimer County	333.577	162	3.77	30.6	119	0	8.750000000000028	-105.44644468	40.6287525
48235	TX	Irion County	1.554	5.31	0	0.08	0.57	0	4.66	-100.9812282	31.299541
48203	TX	Harrison County	66.746	26.7	6.42	8.53	0.36	8.28	3.1499999999999986	-94.37249838	32.56189687
51035	VA	Carroll County	29.724	4.05	0	1.7	0.48	0	1.87	-80.76487181	36.7735645
01097	AL	Mobile County	415.395	784	694	66.1	10.9	10.1	3.17999999999995	-88.21563074	30.7439115
01055	AL	Etowah County	103.057	133	106	16.8	1	8.3	1.1399999999999864	-86.04346182	34.0216915
02180	AK	Nome Census Area	9.846	0.75	0	0.68	0	0.02	0.050000000000000044	-163.91904718	64.797003
05149	AR	Yell County	21.713	5.8	0	4.82	0	0	0.9800000000000004	-93.40516795	35.026857
06047	CA	Merced County	268.455	1090	0.21	50.2	971	5.63	65.69999999999982	-120.6092297	37.18732
08049	CO	Grand County	14.615	225	0	2.31	183	0	39.21999999999997	-106.13608946	40.0860795
12127	FL	Volusia County	517.887	100	10.5	55.4	24.2	2.56	7.519999999999996	-81.13746753	29.0199005
13141	GA	Hancock County	8.551	1.95	0	1.2	0.56	0	0.19000000000000017	-82.99875971	33.259608
19183	IA	Washington County	22.247	8.08	0	1.81	0.11	0	6.16	-91.71566295	41.3223135
27047	MN	Freeborn County	30.613	5.85	0	3.49	0.34	0.38	1.6399999999999997	-93.34888842	43.6801875
46029	SD	Codington County	27.939	12.5	0	3.74	3.97	3.7	1.08	-97.18832923	44.9775265
50015	VT	Lamoille County	25.235	2.39	0	1.29	0.13	0.12	0.8500000000000001	-72.6456276	44.606167
17007	IL	Boone County	53.585	6.1	0	3.56	0.86	0.43	1.2500000000000009	-88.8229638	42.32316
13271	GA	Telfair County	16.4	4.28	0	1.22	2.38	0.06	0.6199999999999997	-82.91376434	31.964435
20135	KS	Ness County	3.005	4.13	0	0.32	3.24	0	0.5699999999999998	-99.91648503	38.4790735
21237	KY	Wolfe County	7.259	0.71	0	0.47	0.02	0	0.21999999999999997	-83.48888689	37.740302
22063	LA	Livingston Parish	137.788	13.9	0	11.5	0.01	0.01	2.3599999999999994	-90.74111312	30.4130365
22125	LA	West Feliciana Parish	15.385	65.1	45.3	1.67	0.26	17.7	0.15000000000000568	-91.38028564	30.827011
26041	MI	Delta County	36.377	43.7	0.87	2.81	0.25	38.2	1.5399999999999991	-87.1700611	45.854073
26163	MI	Wayne County	1759.335	1430	737	467	0.96	223	2.1800000000000637	-83.33364317	42.243612
27163	MN	Washington County	251.597	367	336	19.2	1.97	4.83	4.819999999999993	-92.87349702	45.021509
30071	MT	Phillips County	4.169	317	0	0.47	315	0.01	1.4300000000000068	-107.89036678	48.2639155
36047	NY	Kings County	2636.735	50	50	0	0.05	0	0	-73.94190734	40.65295454
37039	NC	Cherokee County	27.178	17.2	0	1.73	0.33	0	15.140000000000002	-84.07707139	35.1397755
37103	NC	Jones County	10.013	4.89	0	0.72	2.45	0	1.7200000000000006	-77.41022004	35.0148
38017	ND	Cass County	171.512	19.1	0	14.1	3.55	1.11	0.35999999999999943	-97.23639994	46.934863
41001	OR	Baker County	16.005	260	0	3.27	253	0.02	3.480000000000018	-117.7987458	44.667541
42029	PA	Chester County	515.939	60.2	0	42.2	1.63	1.53	14.869999999999997	-75.71395812	39.9787345
45019	SC	Charleston County	389.262	19.2	3.53	4.52	1.06	3.68	6.400000000000002	-80.06127446	32.854383
45077	SC	Pickens County	121.691	37	0	33	0.3	1.63	2.020000000000003	-82.69249096	34.852419
46123	SD	Tripp County	5.434	4.63	0	0.49	2.3	0	1.8399999999999999	-99.8740539	43.3646935
47073	TN	Hawkins County	56.471	10.8	3.19	3.42	0.07	0.68	3.4499999999999993	-82.9467223	36.4188
48011	TX	Armstrong County	1.947	4.54	0	0.23	4	0	0.3099999999999996	-101.35720348	34.9648345
